Artist: Song,URL,x0,x1,x2,x3,x4,x5,x6,x7,x8,x9,x10,x11,x12,x13,x14,x15,x16,x17,x18,x19,x20,x21,x22,x23,x24,x25,x26,x27,x28,x29,x30,x31,x32,YT_View_Count,YT_Like_Count,YT_Comment_Count,YT_Duration_Seconds,Exact_Publish_Date
ACDC: Thunderstruck,https://www.youtube.com/watch?v=lhg9bYNLvOg,8.0,7.0,4.0,10.0,1.0,2.0,5.0,9.0,7.0,8.0,8.0,7.0,10.0,3.0,8.0,6.0,7.0,10.0,8.0,8.0,8.0,7.0,2.0,7.0,6.0,9.0,6.0,9.0,7.0,5.0,9.0,5.0,2.0,473253066,3604438,12757,293,2018-10-25
Bob Marley: Three Little Birds,https://www.youtube.com/watch?v=LanCLS_hIo4,9.0,3.0,10.0,10.0,8.0,3.0,2.0,6.0,9.0,7.0,9.0,8.0,5.0,10.0,8.0,6.0,6.0,10.0,5.0,5.0,9.0,9.0,7.0,6.0,6.0,6.0,4.0,8.0,9.0,6.0,5.0,8.0,2.0,185320322,863350,37502,182,2009-07-11
The Streets: Fit But You Know It,https://www.youtube.com/watch?v=XEN8uCaBvdg,2.0,7.0,5.0,5.0,2.0,2.0,1.0,2.0,8.0,1.0,3.0,5.0,1.0,2.0,5.0,8.0,2.0,10.0,1.0,5.0,6.0,2.0,1.0,1.0,5.0,1.0,6.0,3.0,6.0,5.0,2.0,1.0,1.0,3010731,34212,251,255,2017-01-25
Suki Waterhouse: To Get You,https://www.youtube.com/watch?v=5CPv3ULlWkA,4.0,7.0,9.0,6.0,7.0,2.0,5.0,2.0,6.0,7.0,10.0,9.0,6.0,5.0,7.0,4.0,5.0,7.0,3.0,7.0,3.0,5.0,7.0,4.0,2.0,6.0,5.0,6.0,7.0,3.0,6.0,3.0,4.0,83813,1709,85,245,2024-09-13
Cranberries: Dreams,https://www.youtube.com/watch?v=xc6ulrb2foQ,8.0,7.0,7.0,6.0,10.0,2.0,4.0,5.0,5.0,7.0,10.0,8.0,6.0,10.0,9.0,3.0,6.0,7.0,4.0,8.0,5.0,4.0,9.0,6.0,9.0,4.0,6.0,7.0,7.0,9.0,8.0,5.0,6.0,8412712,66682,2313,255,2017-04-23
Chuck Berry: Johnny B Goode,https://www.youtube.com/watch?v=TReqmJ7iX2M,8.0,8.0,10.0,8.0,6.0,9.0,7.0,8.0,8.0,5.0,6.0,7.0,7.0,1.0,7.0,8.0,7.0,10.0,7.0,4.0,7.0,8.0,5.0,7.0,7.0,9.0,6.0,8.0,7.0,5.0,8.0,9.0,6.0,31612231,344883,377,163,2017-02-26
Toto: Africa,https://www.youtube.com/watch?v=U1LB_OerHCE,5.0,4.0,6.0,9.0,8.0,4.0,9.0,9.0,9.0,10.0,9.0,7.0,7.0,10.0,8.0,4.0,7.0,8.0,7.0,8.0,8.0,6.0,9.0,7.0,4.0,9.0,6.0,9.0,8.0,7.0,7.0,10.0,3.0,18509960,134327,6460,295,2022-10-09
Grateful Dead: Ripple,https://www.youtube.com/watch?v=5wh7ylJManI,7.0,10.0,8.0,8.0,8.0,3.0,4.0,5.0,7.0,6.0,9.0,6.0,7.0,8.0,7.0,6.0,7.0,4.0,2.0,6.0,6.0,4.0,2.0,3.0,5.0,5.0,6.0,5.0,4.0,5.0,3.0,1.0,5.0,2249587,20135,530,252,2015-03-28
Wagner: Tannhäuser Overture,https://www.youtube.com/watch?v=SRmCEGHt-Qk,7.0,8.0,9.0,9.0,8.0,8.0,7.0,5.0,6.0,9.0,5.0,9.0,7.0,3.0,7.0,10.0,9.0,8.0,9.0,6.0,5.0,6.0,9.0,2.0,7.0,8.0,9.0,8.0,2.0,7.0,8.0,9.0,10.0,15896079,109297,10683,936,2011-03-11
Sublime: Santeria,https://www.youtube.com/watch?v=YkcY8WUwQ-s,6.0,10.0,6.0,6.0,8.0,3.0,6.0,8.0,4.0,3.0,9.0,9.0,7.0,4.0,7.0,1.0,6.0,10.0,2.0,6.0,7.0,9.0,6.0,4.0,8.0,9.0,4.0,8.0,10.0,8.0,9.0,7.0,2.0,168552,1100,24,184,2018-12-04
Chet Faker: Gold,https://www.youtube.com/watch?v=DoJtFI9R4tM,6.0,5.0,7.0,7.0,5.0,3.0,6.0,5.0,6.0,8.0,4.0,3.0,4.0,3.0,6.0,2.0,5.0,8.0,2.0,2.0,4.0,7.0,2.0,3.0,4.0,1.0,7.0,6.0,3.0,4.0,7.0,10.0,3.0,446386,3817,39,286,2014-05-12
Bill Withers: Ain’t No Sunshine,https://www.youtube.com/watch?v=YuKfiH0Scao,7.0,8.0,8.0,10.0,8.0,3.0,5.0,7.0,8.0,8.0,7.0,9.0,7.0,5.0,8.0,7.0,7.0,8.0,3.0,4.0,5.0,9.0,8.0,6.0,8.0,9.0,9.0,9.0,10.0,5.0,9.0,10.0,7.0,38516451,532206,8554,127,2015-06-13
Prokofiev: Song About Alexander Nevsky,https://www.youtube.com/watch?v=zmsdYLgND9s,6.0,7.0,8.0,6.0,5.0,6.0,4.0,4.0,7.0,7.0,5.0,7.0,3.0,6.0,6.0,8.0,7.0,5.0,8.0,7.0,4.0,3.0,7.0,3.0,6.0,4.0,7.0,7.0,2.0,5.0,4.0,8.0,8.0,10715,111,2,212,2018-07-30
Irene Cara: What a Feeling,https://www.youtube.com/watch?v=A64KVUfo4ew,6.0,5.0,5.0,5.0,4.0,2.0,6.0,6.0,4.0,8.0,5.0,7.0,9.0,4.0,6.0,1.0,4.0,7.0,6.0,6.0,8.0,6.0,10.0,3.0,7.0,3.0,8.0,8.0,5.0,7.0,2.0,6.0,4.0,199350,2584,125,233,2021-12-30
Portishead: The Rip,https://www.youtube.com/watch?v=artaYKPCt_E,3.0,4.0,8.0,6.0,7.0,2.0,5.0,2.0,5.0,4.0,1.0,8.0,3.0,6.0,6.0,2.0,4.0,2.0,3.0,7.0,3.0,3.0,2.0,2.0,4.0,4.0,6.0,4.0,3.0,5.0,3.0,5.0,6.0,414470,3747,177,275,2017-10-07
Dire Straits: Money for Nothing,https://www.youtube.com/watch?v=wTP2RUD_cL0,9.0,10.0,2.0,6.0,8.0,2.0,5.0,10.0,8.0,7.0,3.0,8.0,9.0,8.0,8.0,1.0,6.0,10.0,4.0,7.0,8.0,3.0,2.0,2.0,5.0,7.0,4.0,4.0,9.0,8.0,10.0,8.0,2.0,160019456,1098981,35532,279,2010-02-23
Beck: Loser,https://www.youtube.com/watch?v=0OhUxj8Fewc,4.0,9.0,5.0,2.0,8.0,2.0,1.0,2.0,3.0,2.0,2.0,9.0,8.0,10.0,9.0,7.0,3.0,10.0,3.0,6.0,4.0,6.0,1.0,1.0,5.0,2.0,2.0,3.0,7.0,3.0,8.0,5.0,1.0,5742108,45718,2746,235,2011-02-08
T-Rex: Bang a Gong,https://www.youtube.com/watch?v=TVEhDrJzM8E,7.0,6.0,2.0,8.0,7.0,3.0,2.0,6.0,5.0,6.0,3.0,8.0,6.0,8.0,8.0,7.0,7.0,6.0,3.0,6.0,3.0,7.0,3.0,5.0,7.0,5.0,6.0,4.0,6.0,6.0,6.0,1.0,1.0,24330461,137943,6475,267,2008-07-18
Kate Bush: Running Up that Hill,https://www.youtube.com/watch?v=HYwNM1t9ltI,4.0,9.0,5.0,9.0,3.0,2.0,9.0,4.0,9.0,7.0,8.0,3.0,8.0,7.0,5.0,4.0,7.0,9.0,10.0,5.0,6.0,2.0,8.0,5.0,7.0,4.0,7.0,6.0,5.0,7.0,3.0,9.0,7.0,16863451,181944,3569,301,2023-03-03
Bruce Springsteen: I'm Goin' Down,https://www.youtube.com/watch?v=FDePd-mHOL4,9.0,8.0,6.0,3.0,6.0,4.0,8.0,6.0,4.0,7.0,6.0,6.0,9.0,8.0,6.0,5.0,5.0,6.0,5.0,7.0,5.0,6.0,3.0,9.0,8.0,4.0,7.0,7.0,7.0,7.0,6.0,7.0,4.0,14301317,77913,1185,208,2014-11-08
The Beach Boys: Sloop John B,https://www.youtube.com/watch?v=tLoS8bGr0uo,8.0,7.0,5.0,7.0,6.0,5.0,7.0,4.0,7.0,5.0,9.0,9.0,4.0,10.0,6.0,7.0,5.0,9.0,4.0,5.0,5.0,5.0,5.0,6.0,7.0,6.0,7.0,6.0,4.0,4.0,2.0,2.0,3.0,2691486,17962,702,181,2017-03-02
Bob Dylan and Johnny Cash: Girl from the North Country,https://www.youtube.com/watch?v=Je4Eg77YSSA,9.0,7.0,8.0,9.0,10.0,6.0,8.0,8.0,5.0,5.0,6.0,7.0,5.0,7.0,9.0,6.0,6.0,7.0,3.0,6.0,3.0,8.0,4.0,6.0,7.0,4.0,8.0,5.0,5.0,6.0,8.0,3.0,3.0,7481269,75183,2884,222,2019-03-11
Kanye West: Runaway,https://www.youtube.com/watch?v=2D-JwgfxslM,5.0,7.0,6.0,7.0,8.0,1.0,4.0,5.0,6.0,4.0,8.0,4.0,6.0,2.0,8.0,1.0,6.0,6.0,6.0,5.0,7.0,6.0,1.0,2.0,8.0,8.0,2.0,8.0,10.0,9.0,3.0,8.0,1.0,362983,2831,269,549,2021-07-06
The Beatles: Let It Be,https://www.youtube.com/watch?v=QDYfEBY9NM4,9.0,6.0,6.0,10.0,8.0,3.0,9.0,4.0,6.0,10.0,10.0,9.0,3.0,8.0,8.0,3.0,8.0,10.0,5.0,6.0,10.0,8.0,10.0,9.0,9.0,9.0,8.0,10.0,10.0,9.0,10.0,1.0,5.0,214384753,1594089,24677,244,2018-06-17
Fazerdaze: Cherry Pie,https://www.youtube.com/watch?v=C2JlV5mEBVQ,2.0,8.0,4.0,9.0,3.0,2.0,4.0,3.0,6.0,6.0,8.0,3.0,6.0,10.0,7.0,3.0,6.0,4.0,6.0,7.0,6.0,3.0,10.0,6.0,3.0,6.0,5.0,8.0,4.0,6.0,4.0,5.0,2.0,237454,6394,464,258,2024-09-09
Madonna: Like a Prayer,https://www.youtube.com/watch?v=b_rIk8yKDGI,5.0,8.0,8.0,7.0,5.0,1.0,8.0,4.0,1.0,9.0,10.0,10.0,8.0,2.0,9.0,4.0,5.0,10.0,9.0,6.0,6.0,6.0,9.0,4.0,6.0,2.0,6.0,7.0,7.0,9.0,7.0,10.0,6.0,18581530,208231,3522,343,2015-08-29
The Ronettes: Be My Little Baby,https://www.youtube.com/watch?v=jSPpbOGnFgk,5.0,7.0,7.0,5.0,7.0,2.0,6.0,6.0,4.0,8.0,9.0,6.0,6.0,4.0,8.0,7.0,5.0,8.0,4.0,5.0,4.0,8.0,9.0,8.0,7.0,6.0,8.0,7.0,7.0,8.0,5.0,1.0,5.0,60810548,654288,15842,163,2020-05-26
The Dixie Cups: Iko Iko,https://www.youtube.com/watch?v=KMrrp8kAmbc,2.0,5.0,7.0,7.0,8.0,3.0,3.0,2.0,6.0,4.0,8.0,8.0,1.0,9.0,5.0,3.0,5.0,7.0,2.0,7.0,8.0,7.0,2.0,7.0,4.0,7.0,4.0,5.0,6.0,3.0,4.0,7.0,4.0,649809,10521,0,126,2022-05-19
Nico: These Days,https://www.youtube.com/watch?v=0_z_UEuEMAo,4.0,6.0,4.0,5.0,5.0,3.0,3.0,7.0,4.0,3.0,4.0,7.0,2.0,3.0,5.0,7.0,4.0,3.0,3.0,6.0,2.0,3.0,3.0,5.0,3.0,6.0,6.0,5.0,2.0,5.0,5.0,3.0,4.0,3139851,22805,1294,214,2009-07-03
Al Green: Love and Happiness,https://www.youtube.com/watch?v=DKhxhuwZ-eA,6.0,7.0,7.0,6.0,9.0,2.0,1.0,8.0,5.0,5.0,4.0,9.0,4.0,7.0,5.0,3.0,5.0,9.0,4.0,7.0,5.0,8.0,7.0,4.0,5.0,8.0,7.0,5.0,7.0,5.0,3.0,10.0,5.0,5018197,88082,702,309,2017-05-01
Stevie Wonder / Cypress Hill / Run-DMC (mashup): My Superstitious Brain,https://www.youtube.com/watch?v=1rZ9cqSJgRM,8.0,8.0,9.0,7.0,8.0,2.0,4.0,9.0,5.0,7.0,4.0,5.0,7.0,10.0,7.0,4.0,3.0,9.0,5.0,8.0,4.0,7.0,4.0,3.0,4.0,10.0,8.0,5.0,8.0,6.0,8.0,10.0,1.0,4471402,67496,1734,241,2017-06-06
Bach: Cello Suite No. 1 in G,https://www.youtube.com/watch?v=1prweT95Mo0,7.0,4.0,10.0,9.0,8.0,9.0,9.0,4.0,9.0,10.0,10.0,9.0,8.0,8.0,9.0,9.0,9.0,9.0,8.0,6.0,9.0,7.0,10.0,2.0,8.0,6.0,9.0,8.0,2.0,7.0,9.0,10.0,9.0,24872236,371989,8912,196,2019-01-14
Dolly Parton: Jolene,https://www.youtube.com/watch?v=Ixrje2rXLMA,7.0,8.0,8.0,9.0,6.0,4.0,10.0,7.0,8.0,9.0,10.0,5.0,9.0,1.0,6.0,10.0,8.0,10.0,6.0,7.0,6.0,9.0,10.0,9.0,6.0,7.0,8.0,7.0,9.0,7.0,4.0,10.0,10.0,106353587,886617,27904,164,2017-06-27
Magdalena Bay: Cry for Me,https://www.youtube.com/watch?v=Xcq3xMCcGlI,4.0,9.0,5.0,6.0,4.0,1.0,3.0,6.0,5.0,4.0,1.0,2.0,5.0,4.0,6.0,5.0,4.0,5.0,2.0,7.0,4.0,3.0,9.0,3.0,2.0,6.0,2.0,4.0,5.0,3.0,3.0,6.0,1.0,684635,10925,889,308,2024-08-23
Sam the Sham and the Pharoahs: Little Red Riding Hood,https://www.youtube.com/watch?v=_FA85RO89HA,5.0,2.0,8.0,9.0,8.0,3.0,3.0,3.0,5.0,5.0,1.0,7.0,2.0,4.0,5.0,8.0,5.0,5.0,3.0,6.0,3.0,5.0,1.0,2.0,6.0,1.0,4.0,4.0,5.0,3.0,4.0,10.0,7.0,11330560,97746,4909,168,2008-06-18
Velvet Underground: Oh! Sweet Nuthin',https://www.youtube.com/watch?v=yhwSPRY51gs,6.0,7.0,6.0,5.0,6.0,4.0,4.0,5.0,8.0,5.0,4.0,7.0,6.0,6.0,6.0,4.0,5.0,6.0,2.0,6.0,5.0,5.0,7.0,6.0,4.0,6.0,6.0,4.0,4.0,5.0,5.0,4.0,4.0,9438460,72914,2774,446,2015-10-31
Blondie: Call Me,https://www.youtube.com/watch?v=o3hHsVtqNFQ,5.0,10.0,6.0,8.0,6.0,2.0,7.0,8.0,6.0,8.0,6.0,6.0,9.0,4.0,8.0,3.0,6.0,9.0,5.0,6.0,5.0,7.0,9.0,5.0,6.0,7.0,7.0,7.0,7.0,7.0,9.0,6.0,5.0,119087592,836949,5080,487,2018-08-24
Lord Huron: The Night We Met,https://www.youtube.com/watch?v=KtlgYxa6BMU,8.0,9.0,9.0,8.0,8.0,4.0,7.0,4.0,6.0,9.0,9.0,8.0,9.0,6.0,8.0,3.0,7.0,8.0,5.0,8.0,8.0,6.0,4.0,5.0,7.0,10.0,7.0,10.0,9.0,8.0,6.0,5.0,5.0,470907998,4295767,133222,209,2015-02-09
New Order: Age of Consent,https://www.youtube.com/watch?v=gG9fEaITgCk,7.0,8.0,5.0,6.0,7.0,2.0,7.0,4.0,6.0,5.0,8.0,7.0,7.0,7.0,6.0,3.0,4.0,4.0,3.0,5.0,3.0,4.0,4.0,4.0,5.0,8.0,6.0,5.0,5.0,6.0,6.0,2.0,3.0,12263305,133048,880,316,2015-09-26
Patsy Cline: Walkin’ After Midnight,https://www.youtube.com/watch?v=bsRNCvHXHHU,4.0,4.0,7.0,9.0,7.0,4.0,4.0,5.0,7.0,7.0,8.0,6.0,3.0,4.0,6.0,5.0,5.0,6.0,3.0,4.0,3.0,6.0,7.0,4.0,5.0,6.0,4.0,4.0,7.0,5.0,7.0,6.0,8.0,16839000,121581,5807,169,2007-05-01
"Chappell Roan: Good Luck, Babe!",https://www.youtube.com/watch?v=1RKqOmSkGgM,3.0,7.0,7.0,4.0,6.0,2.0,5.0,4.0,5.0,6.0,8.0,5.0,5.0,4.0,7.0,2.0,4.0,6.0,5.0,6.0,6.0,4.0,10.0,4.0,3.0,6.0,5.0,9.0,7.0,5.0,4.0,5.0,1.0,139509699,1057718,27294,219,2024-04-05
Best Coast: When I'm With You,https://www.youtube.com/watch?v=iDhtJFbwhOQ,4.0,6.0,4.0,8.0,3.0,1.0,3.0,3.0,1.0,3.0,2.0,8.0,4.0,5.0,8.0,3.0,4.0,5.0,2.0,5.0,5.0,4.0,6.0,5.0,5.0,2.0,6.0,7.0,5.0,5.0,5.0,5.0,2.0,319285,5235,191,179,2015-07-15
NMH: In the Aeroplane Over the Sea,https://www.youtube.com/watch?v=1FeD16vu_qQ,8.0,8.0,7.0,5.0,5.0,5.0,6.0,6.0,3.0,4.0,7.0,7.0,8.0,7.0,7.0,7.0,6.0,5.0,3.0,5.0,6.0,6.0,3.0,6.0,7.0,5.0,4.0,7.0,6.0,6.0,4.0,4.0,6.0,8209129,102046,543,203,2020-01-09
Traditional: In the Bleak Midwinter,https://www.youtube.com/watch?v=cBCYZ9jIJkI,5.0,6.0,7.0,6.0,7.0,10.0,8.0,7.0,6.0,9.0,10.0,4.0,6.0,5.0,7.0,10.0,8.0,7.0,7.0,8.0,10.0,8.0,10.0,9.0,6.0,9.0,10.0,9.0,2.0,7.0,9.0,7.0,9.0,1200626,16695,678,230,2022-12-01
Traditional: Mo Ghille Mear,https://www.youtube.com/watch?v=zxjvNUNXhkU,7.0,6.0,8.0,7.0,6.0,5.0,6.0,6.0,4.0,9.0,10.0,5.0,6.0,5.0,6.0,10.0,8.0,4.0,8.0,7.0,4.0,3.0,10.0,2.0,6.0,7.0,8.0,8.0,2.0,6.0,6.0,10.0,7.0,20105540,184666,12777,243,2016-02-05
A Tribe Called Quest: Can I Kick It?,https://www.youtube.com/watch?v=D-uV8TGjaGU,6.0,5.0,5.0,9.0,6.0,3.0,1.0,3.0,8.0,2.0,2.0,3.0,2.0,7.0,6.0,2.0,4.0,8.0,4.0,7.0,2.0,3.0,1.0,2.0,8.0,8.0,5.0,2.0,8.0,8.0,5.0,10.0,2.0,3515904,60484,2711,254,2020-05-15
LDR: The Greatest,https://www.youtube.com/watch?v=mUWOsiwy_1g,3.0,6.0,7.0,7.0,9.0,2.0,7.0,4.0,2.0,6.0,9.0,7.0,5.0,6.0,7.0,2.0,4.0,8.0,2.0,8.0,3.0,5.0,4.0,4.0,6.0,5.0,3.0,7.0,4.0,4.0,7.0,4.0,4.0,52066,701,20,320,2020-01-29
Pixies: Wave of Mutilation,https://www.youtube.com/watch?v=RuHeAs0rw5M,3.0,7.0,4.0,6.0,4.0,1.0,5.0,3.0,7.0,5.0,3.0,6.0,9.0,5.0,6.0,5.0,7.0,3.0,1.0,6.0,2.0,3.0,4.0,4.0,5.0,2.0,3.0,5.0,5.0,4.0,6.0,5.0,1.0,3561368,41474,320,124,2020-01-02
Air: Cemetary Party,https://www.youtube.com/watch?v=eLxfYF65Eio,4.0,7.0,2.0,8.0,7.0,2.0,2.0,2.0,5.0,4.0,1.0,2.0,4.0,5.0,4.0,5.0,4.0,6.0,4.0,5.0,3.0,4.0,6.0,1.0,3.0,6.0,6.0,6.0,1.0,4.0,2.0,3.0,4.0,79187,594,7,157,2019-06-28
The Rolling Stones: Out of Time,https://www.youtube.com/watch?v=B_0TOCR_OIk,5.0,7.0,5.0,8.0,10.0,4.0,5.0,4.0,5.0,5.0,7.0,8.0,7.0,8.0,6.0,4.0,6.0,6.0,1.0,5.0,4.0,5.0,5.0,4.0,4.0,7.0,9.0,5.0,5.0,5.0,4.0,1.0,3.0,2857916,23747,1291,204,2019-09-17
Kavinsky: Odd Look,https://www.youtube.com/watch?v=EeEDRqDsj7c,3.0,9.0,1.0,6.0,7.0,1.0,3.0,6.0,6.0,6.0,2.0,2.0,8.0,7.0,3.0,6.0,5.0,3.0,5.0,6.0,5.0,3.0,7.0,6.0,2.0,4.0,6.0,6.0,2.0,2.0,1.0,6.0,1.0,169235,2033,50,291,2013-03-29
McIntosh County Singers: Signs of the Judgement,https://www.youtube.com/watch?v=MBvtK49D9dM,4.0,6.0,7.0,9.0,7.0,3.0,2.0,4.0,7.0,4.0,1.0,4.0,2.0,4.0,4.0,3.0,6.0,7.0,7.0,4.0,2.0,5.0,1.0,4.0,2.0,4.0,4.0,2.0,5.0,2.0,1.0,10.0,7.0,124005,2591,13,157,2015-05-19
Traditional: Dominus Vobiscum,https://www.youtube.com/watch?v=F6VxR0JxpUQ,5.0,8.0,6.0,8.0,8.0,6.0,8.0,9.0,9.0,6.0,10.0,3.0,4.0,3.0,6.0,10.0,9.0,7.0,8.0,3.0,5.0,7.0,7.0,6.0,10.0,8.0,8.0,9.0,2.0,9.0,4.0,3.0,10.0,28820,448,33,331,2017-08-25
The White Stripes: Dead Leaves and the Dirty Ground,https://www.youtube.com/watch?v=7OyytKqYjkE,7.0,5.0,5.0,6.0,5.0,1.0,4.0,5.0,6.0,6.0,6.0,9.0,10.0,9.0,8.0,5.0,3.0,6.0,1.0,5.0,3.0,7.0,2.0,1.0,4.0,4.0,4.0,4.0,6.0,6.0,8.0,3.0,2.0,14228508,98643,3045,188,2009-05-13
Nena: 99 Luftballoons,https://www.youtube.com/watch?v=Fpu5a0Bl8eY,5.0,9.0,4.0,5.0,8.0,3.0,6.0,8.0,7.0,8.0,5.0,8.0,4.0,9.0,8.0,7.0,6.0,8.0,5.0,7.0,2.0,6.0,5.0,5.0,6.0,6.0,7.0,6.0,7.0,8.0,7.0,5.0,3.0,67349619,618625,0,235,2021-04-24
Bob Seger: Night Moves,https://www.youtube.com/watch?v=xH7cSSKnkL4,8.0,7.0,8.0,6.0,10.0,3.0,7.0,8.0,2.0,7.0,8.0,10.0,9.0,7.0,7.0,4.0,6.0,10.0,2.0,7.0,4.0,9.0,7.0,5.0,7.0,3.0,5.0,6.0,10.0,6.0,7.0,4.0,7.0,47155516,271373,8814,268,2020-07-10
Lauryn Hill: Can't Take My Eyes Off You,https://www.youtube.com/watch?v=wVzvXW9bo5U,6.0,6.0,7.0,7.0,1.0,2.0,6.0,4.0,6.0,8.0,6.0,8.0,5.0,3.0,6.0,1.0,4.0,6.0,4.0,6.0,6.0,8.0,9.0,4.0,7.0,7.0,3.0,8.0,9.0,7.0,3.0,6.0,2.0,72050147,517699,9065,224,2014-02-28
La Roux: Bulletproof,https://www.youtube.com/watch?v=MSkOmSK-PNs,3.0,5.0,5.0,8.0,4.0,3.0,2.0,4.0,3.0,8.0,7.0,1.0,4.0,9.0,9.0,1.0,4.0,10.0,5.0,7.0,8.0,2.0,6.0,3.0,2.0,6.0,7.0,7.0,10.0,7.0,3.0,1.0,4.0,745557,7897,277,212,2024-08-03
Joanna Newsom: Emily,https://www.youtube.com/watch?v=D1lBOA_8OZ0,6.0,3.0,7.0,6.0,5.0,3.0,2.0,2.0,5.0,2.0,4.0,4.0,7.0,5.0,4.0,5.0,4.0,4.0,2.0,8.0,1.0,2.0,2.0,4.0,6.0,2.0,3.0,5.0,2.0,5.0,2.0,1.0,6.0,625580,9006,30,729,2019-06-03
Fleet Foxes: Mykonos,https://www.youtube.com/watch?v=dPLaDtvVdaU,8.0,8.0,8.0,6.0,8.0,4.0,6.0,7.0,8.0,10.0,9.0,8.0,9.0,5.0,8.0,4.0,6.0,7.0,4.0,8.0,5.0,7.0,3.0,6.0,6.0,6.0,7.0,6.0,8.0,6.0,7.0,10.0,8.0,6750200,80735,202,276,2019-03-23
The Beastie Boys: Sabotage,https://www.youtube.com/watch?v=onfTL0-A3EA,5.0,7.0,5.0,9.0,6.0,1.0,6.0,3.0,1.0,7.0,1.0,6.0,10.0,9.0,8.0,4.0,4.0,10.0,6.0,6.0,6.0,4.0,1.0,1.0,5.0,3.0,4.0,4.0,8.0,4.0,7.0,10.0,1.0,16498,93,7,183,2022-06-06
Vivaldi: Winter,https://www.youtube.com/watch?v=TZCfydWF48c,6.0,4.0,9.0,6.0,8.0,10.0,10.0,7.0,7.0,10.0,9.0,7.0,2.0,9.0,7.0,10.0,9.0,9.0,10.0,9.0,8.0,8.0,10.0,5.0,8.0,9.0,9.0,10.0,1.0,9.0,10.0,10.0,9.0,25991880,321747,15629,564,2010-09-13
Amy Winehouse: Back to Black,https://www.youtube.com/watch?v=4Q4Gy2Z7xZ0,7.0,5.0,7.0,9.0,5.0,2.0,3.0,8.0,9.0,6.0,7.0,4.0,6.0,4.0,8.0,4.0,5.0,7.0,2.0,5.0,4.0,5.0,4.0,4.0,5.0,5.0,3.0,5.0,9.0,5.0,3.0,7.0,4.0,63783230,695564,1179,242,2018-12-12
Sacred Harp: Nearer My God to Thee,https://www.youtube.com/watch?v=_CTlxFwXHAs,8.0,7.0,7.0,9.0,9.0,5.0,8.0,6.0,4.0,8.0,8.0,4.0,3.0,6.0,7.0,5.0,8.0,5.0,7.0,9.0,4.0,6.0,10.0,5.0,3.0,5.0,4.0,8.0,3.0,2.0,3.0,4.0,2.0,258836,1927,332,332,2008-05-25
Leonard Cohen: The Partisan,https://www.youtube.com/watch?v=hs5hOhI4pEE,6.0,8.0,8.0,6.0,6.0,4.0,5.0,7.0,7.0,7.0,2.0,8.0,5.0,6.0,6.0,2.0,5.0,5.0,6.0,7.0,1.0,6.0,3.0,3.0,5.0,3.0,5.0,6.0,4.0,7.0,6.0,8.0,6.0,3076787,22042,875,208,2014-11-19
Muddy Waters: Mannish Boy,https://www.youtube.com/watch?v=bSfqNEvykv0,,,,,,,,,,,,,,,,,,,,,,,,,,,,,,,,,,31227698,384210,11295,330,2016-02-26
Arctic Monkeys: Ritz to the Rubble,https://www.youtube.com/watch?v=H8bNHRVwzyA,,,,,,,,,,,,,,,,,,,,,,,,,,,,,,,,,,19985182,140177,687,194,2014-12-13
Taylor Swift: Cruel Summer,https://www.youtube.com/watch?v=ic8j13piAhQ,,,,,,,,,,,,,,,,,,,,,,,,,,,,,,,,,,283015197,1649673,43140,180,2019-08-23
Tammy Wynette: Stand By Your Man,https://www.youtube.com/watch?v=AM-b8P1yj9w,,,,,,,,,,,,,,,,,,,,,,,,,,,,,,,,,,13846863,121890,6076,161,2015-10-16
Francois Hardy: La Temps de l'Amour,https://www.youtube.com/watch?v=fCadGsFrj58,,,,,,,,,,,,,,,,,,,,,,,,,,,,,,,,,,11823436,201723,239,145,2017-01-26
Abba: Gimme Gimme,https://www.youtube.com/watch?v=-mHMvYn6RVs,,,,,,,,,,,,,,,,,,,,,,,,,,,,,,,,,,13140879,104406,2577,291,2022-10-07
First Aid Kit: Emmylou,https://www.youtube.com/watch?v=PC57z-oDPLs,,,,,,,,,,,,,,,,,,,,,,,,,,,,,,,,,,15008513,78404,3046,265,2012-01-06
CCR: Have You Ever Seen the Rain,https://www.youtube.com/watch?v=bO28lB1uwp4,,,,,,,,,,,,,,,,,,,,,,,,,,,,,,,,,,19918908,193563,4466,165,2015-03-13
Townes Van Zandt: Pancho and Lefty,https://www.youtube.com/watch?v=zprRZ2wFQD4,,,,,,,,,,,,,,,,,,,,,,,,,,,,,,,,,,12055736,93870,6576,294,2012-01-08
Chris Stapleton: Tennessee Whiskey,https://www.youtube.com/watch?v=4zAThXFOy2c,,,,,,,,,,,,,,,,,,,,,,,,,,,,,,,,,,892332446,4146115,118121,294,2015-04-23
