x,y0,y1,y2
-0.1915775362004397,-2.2592985549850426,1.4247960336049887,1.770125277684054
-0.7249009887070219,-4.323142619881569,0.18076186160338636,5.779271862281005
0.38568969699954314,-0.14344627525672932,-0.35375994186647786,4.613952687333155
0.30282558205045085,1.586441042986969,0.46999258398254273,1.9698421043499277
-1.9344335902947427,-1.3662132951080364,-21.757035673176812,34.516527601728896
1.8917627498026017,-1.511775276846978,64.2127979024967,25.153579813188543
0.37605664178667597,-0.2295514841975031,-0.0034054315679376,1.5049816689956805
-1.359039926951147,0.3168936824323495,-4.9244631940197605,6.618908375372625
-0.030716114629526725,-1.9543808341266047,0.4899842153922348,-0.023686575462593895
-1.7846603714285751,1.5098016532888479,-16.01647748676387,18.99414269530684
-1.9724565976110005,-3.1175986122040786,-25.717007269436582,35.27421597164874
1.9472316079522969,1.5094366206270076,70.48445249572757,28.963537959319687
1.550491537665776,-1.9598283740497675,25.22262522780036,15.27907954313498
1.5378169733160822,-1.7898057249643535,27.506465695335,18.164767923441968
0.4074061008652441,-2.4088916744739737,-0.8843837955113747,-2.6482017355925778
0.29188430366956997,2.6582690310238353,4.2868003096063525,4.409195878449009
-0.835001608307472,-1.5046751834821763,1.2639550884742141,3.4772676078358975
0.37213881159808393,1.5201742556274547,0.8626995594585777,1.4812283615438246
1.7458972661827077,-1.5717290225717109,45.73858295892313,23.943874700641363
0.32204169075273636,-1.553355370417356,0.698711672873296,0.6260475393387285
-0.9903884877484872,1.1130693895697483,-1.4686763142914236,8.655054997605912
-0.6482384306879734,0.8035952099048537,0.8300409746813797,1.6455968033014816
-0.3514571699945548,2.2214089635522654,-1.6774773326497896,-0.5910807236174576
-0.36192056117866134,0.48952257510466185,-2.0093398145466232,1.4034263237012052
1.2901695510323021,-3.846433109832567,10.999139126097427,7.278883333814269
1.1559316295568314,-1.8191217348507847,6.215145704625984,10.190553805055172
-1.3992614314283927,0.267842579413914,-3.2184534694674953,8.789811850470818
0.19639530437980346,-1.1165268742811594,-1.4618514132218157,4.87533958992384
1.7062590138575406,-3.4568377083648447,39.051807345848204,18.176755078127588
-0.98661730084592,-0.7360633828983569,0.2129245122522163,5.8085221259680875
-1.3087079774039112,-1.3994721007836823,0.8107080015211023,9.49262863419195
-1.015562716865226,1.1324249867380356,-1.4661305183005164,1.0816917959115036
-1.750707043887041,1.3832588504814014,-11.110686176600897,21.37554181920983
1.6916334247579208,-3.788150426531092,39.76041349349004,18.05880473083171
1.8890340737706603,-0.3801889353623651,63.85313026099864,24.274999939785005
1.9687708188370734,-2.520201654306889,74.12409587620836,26.040745719761393
0.0716305096239993,-2.0580484091978946,2.727102133598388,-2.089253715642087
-1.090472651281401,0.05316270059961281,0.33438184601487914,1.9287085497574532
1.062506383950136,-1.939566713819303,3.0319490552647523,5.1226842893482
0.25128764867508613,-1.0049506363580867,-0.9145821321774943,-1.9136359279060635
0.27089731659402627,0.4092669413530414,-0.7231566004493968,3.402473419072496
1.7499936059630974,-1.7398395064216639,43.192497009283244,20.003514497878545
0.3809466607679459,-0.058281449963248355,-3.379140450046279,0.5675919750891398
1.532042504489922,-0.333334783058127,21.465163991203035,13.395541383655981
0.3625845238304559,-1.4293725422601278,2.546534329133687,0.929614819012392
-0.3187744344216341,-0.9222079455545231,1.981795706824785,3.5603838750530103
1.9876023269340841,0.3467441782181546,85.07276227687638,28.458183354788627
1.9656019218304195,-3.3882737102996834,76.22041401638833,25.412453187309527
1.7378102646113534,-3.0577263347277013,42.40012507720167,23.600710515691652
-0.8705749456217053,0.7837606244946431,4.479924706067824,4.115810890451237
-1.9251822729654755,-1.1027999386850735,-25.132302253226346,33.02186367966396
1.117884973616503,0.0241960025961393,6.393398031826013,5.747441644307293
1.8505437103230742,-1.0096367401775357,58.93560304819615,24.79427134780737
1.2827146181843982,-0.08769745426466591,12.269331111965222,12.911736703951119
-1.2595416680520892,4.359060837532147,0.7644360979300209,6.87565579879148
1.79366264380472,0.6573412115889505,50.289550180962856,19.59861879076238
-0.8830089164549517,0.48255960543774046,0.7074502038510473,0.5974476715272141
-0.2883104857993146,-4.211933053196295,0.3497441953321849,2.8438096102041523
1.3083498172743377,1.5428133102332575,16.16760683088229,8.098148124747475
-0.6810269392590271,-3.9192346006142067,1.5957059081567122,2.9268675412839027
0.8775605490726268,-1.0450910360177352,-1.6179348755439498,4.363676123472901
1.7752454263919097,-4.386242729900372,45.480734219110865,21.079488829519118
-1.0161667803546122,1.7722260957207485,0.29911262830747914,7.7567568240279545
1.6954057057612952,-0.5994512233107976,37.503381283214296,16.978527703535573
-1.8485695285475798,1.0921027190866546,-15.513683897654381,32.08883392190029
1.5510308706843947,-2.210544460760555,26.098036025679715,14.583886915394967
0.7475708113812596,-2.222148827948911,3.1998438103767377,0.7756517138543835
-1.2257358196743118,-1.3441224489214418,0.2631347393277527,8.374506765923915
-1.40087715819813,7.492312715026394,-1.8725477173554481,13.486959387713064
1.2556616982403734,-2.736966867047375,10.159271486468773,8.652442344665644
1.868213784697606,-1.290467601170738,62.691245233951086,22.841388415620045
-1.412739546881424,1.2194849936424657,-2.918579378775469,12.515848070344578
0.4137372358632221,-1.9206963699443556,-3.4636540855672777,-1.468241884642845
1.4738554145967342,-0.5661667492048277,21.43939427041253,11.604609196352545
1.3447093330905449,0.02255298190027122,11.707043022560393,9.660935761392926
-0.7193512920958147,-0.1836282649440784,0.3217416558966262,-0.21937581923799288
0.8966430685865165,0.5181868533954606,2.2279212181719066,2.5650587514906578
-0.5506546979626825,-2.0059015388554466,1.9053547129699102,-0.25759781665102577
0.5722716638584857,1.6237587603646242,2.714631589681872,1.9836155215126414
1.340394163782367,1.9716518778355763,13.01745138458089,7.330711925054668
-0.44715932786441215,1.5111529094110439,-0.1749268303730822,0.7076429136426006
-0.35124879228225137,-3.9626222494653818,-0.6610154133610356,2.895523898895566
1.5507988652413425,-0.9455672253570344,27.53708601622761,11.31935586075294
-1.8300291018059514,-2.265908790125226,-19.279733924063102,25.320249792343365
-0.2658346702673211,-2.4388419635605536,-1.1823089443335366,3.3935967151242057
-0.5495219762269654,-0.6433230562348748,0.35162736793846605,3.314643494162998
1.4194383306794078,2.3035740748363334,16.418171825230313,10.8979442009725
-0.1305590987673333,3.1269700799239435,-2.3920618425966746,2.240115198021554
-1.988792214697125,1.3847419587412744,-29.423423121274087,38.70120542665106
-0.6851302318279209,-1.0598410115088222,1.4332049265740832,1.2685741332950107
-1.7003815283949697,-2.990436667942003,-6.135224476244898,15.0447192881102
1.6887755576744952,-0.2718996385816954,40.73533499178568,16.30612687938138
-1.1683621488048894,0.24854750612625476,-0.5462219203137506,7.853736887069836
1.0387875131929625,0.45003947317524085,6.703862924500022,4.885301810636299
0.3411956012109423,-0.25134284445252214,1.5213889578297763,3.3053476271172286
0.34599784292278946,-2.472900755463932,2.385677635391318,1.5368210117209606
-0.8199954364180786,0.4081225419567152,3.984063688462893,2.8018219944579696
-0.5845716174068967,-0.09329248022505765,3.4269957918024505,0.9830869421493214
-1.5567576059113564,-0.810112361376501,-5.78803784419261,16.335601170579018
1.3849665814831855,0.11181238605065169,15.31973574873675,11.420919093936332
0.8007537708684191,-3.9348120277764984,-0.059805042478596526,3.585313760749507
1.0808763043052703,-0.8982344276966783,8.753789350920606,3.9583702492302857
9.667083403419596e-05,-0.5779979063393068,0.7043192645677375,1.2147802657039128
-1.6590211275381015,-1.0777454075529822,-7.71088180545384,17.785008206560548
1.5118828888148066,-3.1696161318869187,21.885103819820916,14.570956055009292
0.14661742788657328,-2.0270910804703726,1.52339018951914,1.376229625692998
0.5485099308147912,-1.7781594003498207,3.815338041915043,0.3813735261300697
-0.6666714515424164,-0.1800631779750631,-1.936910246422445,3.732639546260832
0.7647385507798461,-3.562730201399127,2.3679914619398073,1.7249668255049455
-1.1221053769769251,1.3529341911512378,4.870844707200582,5.589034669374028
0.4687549290904349,-0.6343234931574883,2.1344234024144226,1.0609089205221909
1.3186775676236095,-2.0002641248129924,12.649943891634063,8.771642388293158
0.5652130703272111,0.4111412642128238,3.334401657534605,-1.5474748507283889
-0.8833479423940269,2.0309820896901414,3.768256572573465,4.325250214170996
1.2008275857858055,1.2593832185665788,11.430297616956175,9.893062925335535
1.1718758508295624,-2.409524001153164,11.582099629523334,4.434601372638696
1.4126002195411802,-1.8331644128398117,17.884205592521493,10.707774241409666
-0.2999900642981985,-1.2738591240309118,-1.9599614393525793,-1.4050734240076808
-0.353032056648122,4.7040815266163385,3.2809481995817755,-0.4700779791475569
-0.4052174640388806,-1.8822624711044658,-1.5796243257803713,-1.4733681227726318
1.2318927028739282,-3.0252829170721136,9.581222036759842,7.315036089950051
1.6294072540254136,-0.8524951632459721,29.543089472540817,18.085385213793597
0.9535784174703168,-0.5901649839960682,2.7654454515871136,2.657222727105565
0.2533971066572751,-0.9746979742576878,-1.1347101073293504,3.3803994861775024
0.428681045712068,-2.5465027338840316,2.4363039465194785,2.3006509949207357
-1.2715264096032937,-0.3432797654295936,-1.5995191261409838,8.242663639629999
-1.2988188505798384,-1.2669773624167264,0.7067785639061097,5.1481563202769305
-1.83046065343185,1.376935924857878,-19.31172974042005,27.31116393911913
1.125069647186518,-4.433162506029538,10.45336010461692,6.970632394558905
-0.9283557095724024,1.1636894639124944,0.17239839331265872,6.826483835087553
-0.6174676098546499,-0.15423287082546325,-0.8054760882497434,1.9284981761749107
0.7030039005157729,-2.761550000254883,3.2331666726113193,1.5211168801882748
0.40201846591938173,-3.487089481898551,-1.0105361358045324,2.6922950382264204
-1.695797281936124,-2.080529416611321,-10.173296056118977,23.640405656081086
1.3707931780952074,0.2343185162953827,15.94954623016764,8.415762782490035
-0.5580380634530999,-2.1777208151402583,0.584540861249291,0.3129852163142892
-1.8448971523929094,3.254368254355629,-18.232595420639175,26.160826861361613
-0.07985721545318514,-1.439523109491899,1.4650526712314351,0.7074970133408252
-0.269426013401759,-0.5974264603225208,-2.0065050098556765,8.879247080767037
1.8300755140453302,-0.9111582336280016,49.006820744294124,25.18991722656158
0.4345099030169499,0.6248104255267931,-1.083727762927711,1.6099266943365569
1.5631150590279983,-0.5687282635459173,21.970643456126282,14.471494557582279
0.8443039949402622,-2.567354103873455,2.811817390571415,4.9087682738994705
-1.6504002692896438,-1.1007672814903435,-9.574255823106874,16.05909142009256
1.1969466994626896,-1.3901787864987774,6.0196877063534915,4.828241375945852
-0.14977755029369577,0.25406716231811444,1.084527622190458,0.4443511510087014
-1.90693255355368,-2.23808457360511,-19.842536505875874,31.156433403447636
-1.672892696823352,-2.3788934438548592,-7.891989465471012,16.61936281649031
-0.7641581094087511,0.08730767495230601,1.2811809593151944,3.6944479207639094
1.8692824428897263,-4.053569367868515,61.11843205585835,25.182456033559635
0.5616161129552628,1.2120446148937827,0.1295370863442058,2.364545569476332
-1.925627120296031,0.2006833106952407,-24.300578906457524,33.73781931284869
1.9959365898682675,0.6942848093131668,82.53165508177993,26.363116602092713
-0.08006201388178935,-0.5056994058878447,3.8911001554918605,0.7979082274425271
1.7390215602723726,1.4769426097553011,41.320477249254935,20.574294978653146
0.05520769890513444,-0.8931816657421077,0.12546328023228587,2.592573332762078
-1.7016688930009662,-0.16535164394311078,-11.056101473270122,20.468689805580393
-1.6066084673794139,0.04208614956925788,-4.782203962852652,17.70246025428611
1.3098378952786573,-1.0067410820046687,10.10248934865714,10.69803189703845
-0.1681484229645558,2.5417282271812067,1.2375315834099827,1.3572458435434696
1.6722284076682628,0.9123097463827272,36.61132166370149,19.721955445172735
-1.8777128336529167,-3.420015149036842,-21.469075679184407,28.456478064589636
1.4968826609006758,2.0169297260445567,25.534535245594235,13.058274634417614
1.297636077960635,2.8232157544579537,8.970381839715518,10.286865636854408
-0.4414555404719436,-0.4721775479702296,-3.8315900684986994,3.119973227950335
1.5214612662022833,0.4499774309331668,24.16588512978349,17.10519900266857
-0.5162576738145779,-2.6306220308108905,-1.2605834381251877,4.622088454870399
-0.3178506289969376,-0.35762150224779815,1.0396748967403444,0.10692373525160503
1.7548969369991285,-5.766373563591069,48.5493949226898,18.036292077581244
-1.8837628996054399,1.8849050942848122,-19.617500527719724,27.590861286407822
-1.135347853987176,-2.8211715627650515,2.2766375807769386,5.145201283077618
-0.39597376174542465,-1.303829611819217,3.6171559542644793,3.69456886198864
-1.7848828074678984,0.11372930638119608,-10.854533070122699,24.02192382130941
0.5279014300178493,-0.7332147209522846,2.187774182886958,0.38018536907373224
-0.36532097436811606,-1.8489961169145073,1.9281551196452966,1.606712979582941
-0.9894642208218394,-0.9349166939290519,2.538743851022562,4.392801832189077
-1.3174445898989888,1.2748949040312771,-2.636366711015797,6.38944753060332
1.7289344193892338,-2.0398518575815245,40.75768749879357,14.649712180840707
0.6235153624215735,2.6238552374356043,0.14743324879427244,2.807801002886013
1.7612998865020058,0.35555495635496825,45.44167294834749,16.5496230161866
-0.16437100428224438,1.6390225708288289,3.908990036520353,-0.25546784830932023
-0.6725670889078446,-0.7103130834461799,-1.131901645433218,3.1978673782627824
-0.43448830334641375,0.70730892274809,0.9797180857014668,3.4819220035790868
0.10206536717700221,-4.275973490745379,2.7617375689187114,-0.26820457180579393
0.19546673834224526,2.2515958789578825,1.1005312598023758,0.9773024911188727
1.695234789234326,-3.2787693139665297,42.28062963907465,19.28218283966413
0.17126779176994678,-1.121402408384926,0.07605297062755578,1.649768071233723
1.3269195667846883,0.17847164023220907,16.705496687533312,12.03612624127446
0.8639538080288909,-3.1867366511664423,2.6744379016061868,3.8760887089739717
-0.7729540876118417,-1.5817385438755796,1.8227174757208116,2.1068568793980487
0.7008605631086358,-2.5519884256152823,1.1657362949315517,1.707405344852992
0.8372040962049097,0.4131040691018325,0.7597436220689899,3.028031785173219
-1.1178534814862129,-3.178607220971607,1.5882899355684161,4.751827529955623
1.3022121386641787,-1.7183431867480685,13.897958835512894,9.172945133463104
-0.057701243805628355,0.42188172747293057,-0.9000007418927445,1.1367221224254298
0.9759206667052047,-1.7263415333463648,3.247981194542593,4.819667086009898
-1.817828911543491,-4.04755227195352,-18.693217586460896,20.267478594139128
-0.518637288626254,0.7889767053374271,0.09241701815906328,-0.8457122786797084
-1.1592644535593633,-1.5667616960135882,0.44213883881457994,6.181774263705517
-0.9827656993172296,1.7173860649181225,-1.4331117116590195,0.435339277686853
-1.8579905884406496,0.5967661813461955,-20.727638334473806,26.275112603861338
0.535452051805891,-3.8133003590800474,-0.7952577781438803,1.8362427615746197
-1.0196537522980034,1.938270440738437,-1.2410677404457204,6.2090980701031
-0.3083677989833835,-0.7580633914620609,-0.5640993467421064,1.963658945302994
-1.0515237624655849,-0.5519833989748553,-1.546580958332168,5.466573063271126
1.9718006571482172,2.5335940946208826,77.7061520406114,23.82400830732559
-0.698204258059016,1.2851959238455617,0.9423710802609933,4.508518317417455
-0.17127854930067343,0.7109014572248573,-1.1206804975810012,0.07435371843604566
-1.9184202993787034,-2.45335822618023,-25.969102830736986,31.8398357454759
1.5931378104024967,-1.1534035935601477,29.059649360846286,17.379576947812275
-1.2332430487920347,0.9628315995962305,1.600423697537838,6.643854543018864
-0.24105164050946515,-1.8212266134986455,4.757121608330452,-0.36065724440222824
0.3659085850222543,0.32220224866482505,0.13009639689091623,3.224733349488576
-0.7874453530225392,-0.3968487864971979,1.4914266302929051,3.2414636945425777
0.34026376993438046,0.5649827203831963,2.2927750125949817,2.1303259093944527
-1.5421393968838721,-0.9783859540129642,-4.288223227097388,13.327904115808666
-1.959350219198503,-0.40159022406443035,-25.43771245965021,36.54821033413078
0.7315032174347853,-0.018672551390394254,0.5345282440390011,6.476942245827733
0.18637206294960196,-1.7130220097491358,2.2172173268384188,-1.603216492251475
0.8003001017283169,-0.20538036923105174,2.2765187556995765,2.3824630296750824
0.3992235490632887,3.9490502823829594,0.39591583346449,0.6706340805849828
1.7309690342602493,0.10038717472024627,39.51322775629458,20.187206072286987
0.7392307664426161,-2.8592451252411886,-0.5581665426964606,0.25581279262725376
-0.7312205602874524,1.1345396709982656,-2.563279387113181,-0.49472965305914496
-1.611350966462175,-0.12902205770623426,-9.313750638570319,16.305368362604035
1.3260873145917365,0.08000117369864057,15.37554647044675,12.799162200472939
1.276459852960274,-1.8370184460364052,13.211393456640806,4.538317763186986
1.1127464571906764,-0.3916285308725669,1.3338345141366768,8.409061909782956
-1.4880028770758393,-0.7696455976539213,-1.3840028792074848,14.207408206737906
0.8443132628584036,-3.0744360919219496,1.0314563599524322,0.44476359609970695
-0.7972667193511498,-3.5016860277460995,-0.2310484292686854,1.9629575142084807
1.793988799607356,-0.386983020237494,50.44940117713854,21.97889474078189
-1.3678436237482985,0.2513949686576248,-0.15437785217201339,10.409855374499756
0.38921331405246073,1.7199814621715235,-0.5716332209412547,0.36674781712107074
-0.3712862102166241,-1.8400250493736896,3.8057061920750583,-0.023755124079410495
0.27040011632535244,-0.4168076280339632,2.41697400574872,3.2671592104278515
0.6362812551234271,-3.1714559026050946,-1.5479184649858486,-1.5496803495818203
0.11119115311868999,-0.991899674868752,1.7667179217130937,0.9205193826389093
1.672750176965768,-2.3576707013758385,36.91774093548942,16.620175708438644
-0.9685777874060761,-2.1295327296176323,0.74421821612284,7.09022572778199
1.3731197893627192,-0.6972088722144376,16.396106919415477,12.14790355170551
0.28417384810623947,1.02876168657337,2.8869290108887444,0.34633333388355436
-1.3951532932861497,0.7300426077979454,-3.1008574156368764,11.76789752483903
0.45706588931687886,-0.19229409880693676,-1.133372191477012,2.002749709611365
-1.4404429265322842,0.44417563410823,-8.773800355799082,9.518498939975855
1.0171655349178903,0.8674494744879448,7.003180368586367,4.210056014194006
1.3263954240707632,0.45430875595890896,13.131813073225652,11.857774554524472
-1.078906590777006,-1.8099343374839862,3.8447614188744863,7.2105482192069825
-0.3174859465798252,2.056334922033887,4.20545501428086,1.3471253274700579
1.4527931465757526,1.963152388453601,15.910335446406755,9.862038768456436
1.3455774380692618,-2.314980891855015,13.16637312907792,9.843551365640591
0.5197215471618724,0.09965092201831449,2.7273067132432436,1.208108733740225
0.42476404728787687,-3.116820977362905,0.0045486673990203785,0.0106917165733309
-1.2373800185100747,2.6365737670108778,-0.0751003632553271,7.826312687226817
-1.1180397313512356,2.8365432840489366,1.559165693968023,3.800012241712259
-0.5978555893815107,2.566778801876042,3.0589996394210153,3.724114336023657
-1.2278256211637606,0.9548578625288794,0.3000209988637031,7.90304130177812
-0.5892145815347303,-0.48254400598667546,0.2957349675958901,0.8944550641359343
-0.2538170206985493,1.6819766588282636,-2.900921277527962,2.744512465354496
-0.406381695637239,1.1464047380487035,1.6908713834150475,2.3486288777573208
-1.4979595471561722,1.1834804670449988,-2.4157438004900613,11.38789041473894
0.8496330981585984,3.551696566090095,2.457975768722549,2.2708534584607807
-0.7016360089776961,-3.5760143069999035,-1.9021470644600575,0.6430447845871774
1.8047503803843852,0.20952362226725918,52.32219413461487,22.2431298713578
-0.6132774052921701,-3.175173103429825,-0.20282437357415262,4.345774525001326
1.216287376375162,0.7193445729051031,10.741575840784872,4.842916373852474
1.6600561634831914,2.0679799331691022,36.77580705790918,20.804063773840312
0.05390756874039271,2.963969370731703,-1.557260886967296,1.790946617475664
1.2457807088371933,-1.8975263192165102,10.512324605310567,6.524827242818456
-0.007801092635940865,0.19247738475180914,-0.09051423475336245,-2.3403124662355994
0.19746401789129697,0.6915012499557006,-1.3000946909159778,3.2873757280269196
1.0781265146815278,0.9248812034499154,7.361901978217454,5.5038767971437705
0.9824451503968152,-4.197126018972649,1.7873493581880302,4.48060799341269
-0.79993012113811,1.543052423660299,0.9823688080121407,3.5443998985300142
1.8923067916062806,2.1553618715598692,63.53490624994891,23.099623908755433
1.0947867184845048,-0.8912726199615036,9.73114703598683,7.667271476745472
0.41850737814152117,-2.355490443941436,-0.26052047881754703,4.560163735910852
-0.4414492185000669,-0.43497477609194907,3.8722607537290625,7.013957796430612
0.6697137751617901,-0.042666644182927316,1.9230415339958846,5.566517136032713
-1.9062462414566133,0.0779005800752745,-24.30369749748131,35.945169771800096
-0.6082321901345544,-0.3114576285923005,0.6485678315717374,1.511656759047456
-0.49150823876210836,-2.4936106760946157,2.514969847485549,2.9498780091901073
-0.45434810831711125,1.3547272022494774,-0.23949485272489368,0.11589270881895186
-0.04315823896640536,-2.168874354654518,-0.650156026603627,0.8347551190717246
-1.0715621695077608,-0.9557648428837435,-1.5757225925631668,4.944838806654664
1.8801260642580293,1.0063952418862119,61.02521897514963,25.94788029162188
0.16668064050288134,2.7154533661976363,1.5498855078882845,-2.5109972376649283
-0.6407640546777844,5.342755262964764,3.2430070800009725,1.1638422995707596
-0.4242762336426269,3.1147183139319443,1.0226944894172445,1.3718368937371412
0.6774415416997575,-2.9439844443997414,1.7547734708975082,0.6383871953659321
0.002762969138988769,-0.07837668140429788,1.7056057365845188,2.6323892718667894
-1.5704099776259852,0.5979067736870585,-5.797595967426656,17.39537112957683
0.2835524038892343,-0.19248189232136204,1.4980563715640574,0.9599376999337748
-0.7669386394437776,-1.8623317523693528,2.019923673459287,2.6466010945044762
0.7923269637234234,-3.69776136849603,4.426398434488646,0.740444008398053
-1.7160571476563033,-1.3447836911586042,-10.578805675592102,24.172792858749183
0.950661243466703,1.408563807029425,3.561275086206409,3.864652778284007
-1.3507182333002263,-0.871514820315488,0.5991572925133279,8.761416146464343
0.26852131629255593,1.0645728506654752,2.235002327902265,2.2266298758736385
-1.1321775673491556,-0.44837394345917125,0.3933872854052419,6.400588928172608
-0.5826548798853817,-2.321792827198689,1.841446801087873,4.406884849232872
-0.44570318056077074,0.211868669900929,2.6961115797536817,0.6851756189022271
1.6428116988126145,-2.0933763039719944,35.68663783294134,17.368776465344006
1.944770544097147,-4.174267234467992,70.28402926889018,24.38344021868894
0.6092879717634156,-1.629249587919924,2.7256503294731353,3.374718706545586
0.5578500353335172,-4.680075517480765,2.5531665440911633,4.455344671648146
0.48747463051188866,-0.1894256951000271,-3.971770718503996,-0.8251309227119399
-1.551043698925605,-1.2594000137936057,-4.0246962931557,14.986468491456058
0.910481475236244,-1.8388625611988685,2.421984029175161,6.662653640333149
0.7563951946726157,-1.0653500972277676,1.5261598111255044,5.893638766488465
-0.8741373585777783,0.8571412838601924,0.40880566653863754,5.852686181664934
1.0417748193179266,-3.5293627842497797,6.5967215037366245,4.270406578587622
1.792264239619807,-2.8085873260047576,53.508997321325346,23.58238298779249
-1.42868212634842,-0.9426831010990387,-1.530303483568979,13.426643155568769
0.19618294072927966,-1.2391550501959998,-0.5494021320122764,1.5995815704936127
0.3486712350508512,-0.2098843747566076,-0.488928463914889,1.3116191942806876
0.33814763731521014,1.017235089032984,-0.20186963797121438,-0.5607821321303126
0.2244060835013446,-2.951224827992842,-1.8476262956215033,-2.6571334424852275
1.4258129397563386,-1.1702829960209822,21.33900012785868,12.465392942163627
-0.3990643916644139,-2.1447930232834826,-1.1979979105518903,1.3090655876386894
1.6581630323253047,-1.8321615276566492,34.635011500883856,16.573030673351653
-0.8202548965807099,-0.4317009757124479,-0.767436087125015,2.4222836169276727
-0.3041827008184441,0.07517121709160474,-0.510955104681779,2.8797850321901537
-1.5041535006863516,1.1701887880449642,-4.751312154440169,12.054999771069944
-1.9604793845756832,2.000078839669866,-25.027985552923983,38.06394345776012
-0.8062277578038364,-0.022079991095804052,-0.432841614458783,5.7403323190991165
-0.6947571447694143,0.33366843991238837,-0.5592806233070158,5.795754690202161
1.1272888299699266,-1.9403404425195458,7.286640122303431,2.677323861900944
1.0523601801314784,-0.9335240429896765,2.324056907201503,4.5689218596770615
1.8026672428396768,-0.5782863330387517,50.93486237403878,22.275434831739812
-1.5939281952275741,-1.1190388377935536,-5.347563655404783,18.352082663872118
-0.15588414660101346,-0.11289683002875836,-2.372596532755638,-0.39046069513248116
1.7726230588345753,-2.2796345923872847,45.35990555293694,18.18907610717096
0.12168923277083898,-2.256869963765393,1.972355682071764,1.0596711871065116
-1.418409690443081,0.13255694111218475,-5.924194758606629,8.39057318280084
1.543040648612593,-2.8643709423001456,27.348063951018514,15.104027608845849
-0.5382437515832041,-3.769752778453228,-0.6607717941581226,-1.1459084200091976
0.7417980305487983,-1.6143618634107995,3.6993648400944656,1.1104629878398276
-0.8103402710664209,2.901407507901365,-0.8379028020417274,4.886589573857856
0.5104681311623143,-2.6641440835813417,0.5378933052503434,0.8553800546120062
-0.204434841193323,1.7191434702061412,0.07729932934933897,-0.07961163047075503
-0.645632244014509,0.9358347276332084,0.21074281003790746,2.268130262521864
0.5890491736316541,0.14226972312810637,-1.7892382242323412,-2.610925668938547
-1.3805741305473052,3.8463460589554637,0.6595196546799147,12.360049084843983
-0.3485989173732982,-1.6598714408228266,-0.09433149625445619,1.2354743508945147
1.3975384966924396,-0.022893613391118173,15.133468574822862,14.790888713132963
0.21969986288425325,-3.3595902793471097,1.096666680710473,1.3064683577724485
0.9952710567502914,-0.8011930151787144,6.203132126425805,5.727014222046556
1.425677644095591,-3.5861222276735654,19.753207522445443,13.150431632104844
1.9963861179492435,-3.298976447674132,80.406990722022,30.699003959014693
0.9436987681436748,-0.41724807032379685,8.080887383530396,3.574805870576294
-1.2118626350997679,-2.1472097436679523,-1.6365647308708777,4.691459448792072
1.2116808613849486,-1.0227705559694438,12.581800746104122,9.338985885224202
0.5653475261691026,-0.26374609673280996,1.938538673612038,3.4204178328693153
-0.25457653735174324,-1.2969869833790346,0.5230027538218428,1.6070869366750293
0.5560031335064144,-0.539756375941536,2.2845950480170556,2.8560083454149865
-1.3639573185384561,0.19395457286968837,-6.3144202999037224,9.452919749343154
-1.0190549494750525,-3.394789432136214,4.759598923079944,4.871042157340238
1.1967785186410365,-1.1717835562118526,9.54248006050429,11.297153280338602
1.1257778233471627,-1.8954218326260523,9.03695069304968,5.500802993755935
-1.4822723206390638,1.8068420249554373,-2.747485971789434,14.460187828684992
0.5611230649706624,0.9005555379218975,0.5122693577375321,1.5894372610468035
1.0677334441412083,-2.218661515323622,2.565469687752772,5.984410933076629
-0.4660105791259195,4.474085374947828,-0.5286313596897011,3.661534212764833
-1.7631290231305394,-2.5777742005546167,-13.736569591618268,22.316905852866224
0.9347859240098684,-1.9952550974714642,3.799959395514192,5.704991076117815
-1.671589684293199,-3.6418207699962633,-8.927857784400766,16.04974035135877
-0.02117640931606246,1.0707906199740753,-0.6229377321632973,2.353120541797467
-0.2980360217089375,-0.09958180157862204,3.9146193558103066,-2.473780192865495
-1.1668253669120334,-2.179635952815521,-0.6074925737190506,4.20942256576248
-0.20201969230335548,1.5483956316697531,1.4292181197378357,2.3094988999812496
0.13292753904485366,-0.16257233698451506,-0.46559066098211754,0.9737480581259084
0.20625866989678077,1.440955295672305,0.18488284178784048,-1.3897763079842806
-0.08580880113965517,3.552501920484729,-1.6470639467134807,0.8443533394429491
1.3403152957885078,3.471978828194014,9.713971025877182,10.460891969134089
-1.457448428919942,0.18647529001807145,-0.1102907130995856,8.804066831852863
-0.032710763665858344,-2.222592572588166,-3.054718241075469,0.6675568392719442
-1.6622790546944293,-2.091070782582726,-9.475262523761698,17.80195850273999
0.7338215020937229,0.24517190501777497,-0.6123956694983121,4.273210330057013
-1.7780005129514618,-0.3553642192687695,-14.7101436778588,22.90259702930614
1.3631463789030267,1.4096251381624216,16.141788958150283,14.666221441998335
-0.0026202800662926684,1.5287990123390336,-1.2540979848429707,-0.0035497409439013694
-0.5844696138175642,-1.611010891101129,-0.5185627998691771,5.007729693302411
-1.33821563594918,-1.8459903959537955,1.0803251785433425,8.309278586624899
-0.7075407128603661,0.9099983134880192,1.383273434457573,1.3223647926288578
0.8353562302671507,-4.965776824997002,5.457782221234652,3.901545881102118
0.7942753869890389,-3.273539909490877,5.683255592582494,2.9751084535241987
1.9693199164418682,-4.385462975787374,76.34909445633689,28.31817644079074
0.05013972489518226,-5.821565567324181,2.8515770636386013,-1.0829609032501233
0.674382114617746,0.5266860406963801,3.537419092851149,3.9543413493316777
-0.9354950953985934,-0.7543913033749023,-0.37498765223660413,5.612434579111387
1.6735860071888888,0.9562875287883839,37.144529906614984,16.369095887932
0.23696756240278694,-1.406552171151458,0.992659705813383,0.9685627893300848
-1.3235408511287194,-0.742180743366456,-2.015615846213986,6.318619937219301
1.0438200911471602,-1.877970937339736,6.501416196214499,3.0889325425223295
-1.8850416213408199,0.3079633131439788,-22.38648081571525,31.81221032812056
-1.135874261374033,0.08193540049774553,-0.19718559319792278,6.441505391190364
-1.7457499546489337,0.8304069209833103,-14.624966952141593,24.240409755214298
1.8258032667898165,-2.40573398452759,53.70562337022873,20.42284234852207
1.958752225761188,-0.4569380005799144,70.75962202743878,23.942446572295104
0.09248092106328931,-1.1146222349841963,0.9163903311335944,1.5294573471723925
-1.2726525674224858,-0.3163620412966004,-0.479641160790508,9.44840000872843
-0.5549169433947561,2.0109429357790747,-1.599008581384982,3.8081797184926223
-0.09460517179726757,2.092346676459192,2.243690465665755,0.3396038993278142
-0.8298188669004323,-0.775855498473875,2.4912329903996038,2.084351741074513
1.7440952844723143,-0.884164876317636,45.75217360902133,19.90719286895541
-1.1330154260302159,-2.1864268550410184,-2.4314668774243606,4.153825012195075
0.09150273372752649,-2.717245297998908,2.230449176246565,1.170466842186966
1.813139220581033,0.6866637572425094,51.07881139593039,22.984013979845116
-0.3582135761200518,-0.971300247700884,2.7301956679042774,-0.1794674962407965
0.21329764337782953,-2.884934640589079,1.878857160168403,3.1821848577199727
0.16398738444911176,-1.2882221884948941,0.2826701245658083,-1.0678449252313356
0.9696014431188522,1.7207729039182107,3.5003289941680635,6.297714266879287
-0.18232570560960637,-0.21476013671817307,1.2177306723228591,4.632729758109269
1.6395691198945324,-4.006222183644201,32.2849038319109,18.11138253571483
-0.7330307583739968,-2.7782142567221264,-0.029299832296852513,4.243886879117365
0.5378526790651668,-0.3144478185825077,1.749760839924781,0.8207831327966995
-0.3915721587666794,1.910094428573633,4.28224670204456,-0.09092937805126855
-0.7365346466697735,-1.5147146717451982,0.35286421708773397,4.862012330538059
0.47580865679002793,1.413821683584298,1.7025214952620105,4.434146852712621
-1.438442624716044,0.7051337594911131,-5.626656629976494,11.400345743949416
-0.5805423147067987,-0.6785839986844423,-1.348704937546774,4.573521233682433
-0.27016628511555263,2.0978019965244035,0.23650231774821165,7.092684743368508
-0.8471580147934521,-3.411284025255855,-1.174921872700647,0.2341824411909661
-1.3444111785221713,0.9066202310522615,0.6367974642739715,9.107736649186208
0.36671575099203224,0.13205523414124876,-1.7230756193845433,1.6756527820212144
1.8623639001557346,-0.4683571425071378,56.28115566363646,20.621300403474912
0.40062686978108,1.102366273654222,2.086184155002769,3.4229597122431974
-1.9177311584579164,0.35826384396965066,-23.96643209651115,32.53490630097993
-1.6165702753419273,4.1227385136860155,-6.828338526797406,15.175740529755505
-1.068402686775023,-3.2346878127734575,1.2157045044894297,5.648093977025369
0.4231216223309624,-3.653863530962182,0.8698377472090167,0.4800114148748159
0.5342305172931106,-1.4247431771229655,3.646756428008268,1.0397724890943285
-0.008296957831514629,-0.6860944613223805,-2.7350073691380477,-0.1731380994439662
1.0107660005310768,-1.612313262567517,7.857283873098188,1.936070462331938
-1.1330681237434055,-1.1626151190106981,1.4374763726224333,3.817596199591252
0.34647690151657384,-5.615519478985329,1.4974889552088828,3.097481743883506
1.3416039484858882,-1.5109543479648013,17.25451177627187,11.0227411942284
0.9546452555421872,-3.2179151578194514,2.4596761620795182,1.890580680529661
-1.1112380833063114,0.5056259771685687,3.8852319878317036,4.403155133719514
1.3871655202222906,0.831888522453859,13.844292973693433,9.682616236872747
-0.2873878408582162,0.3188632915673067,-2.0888832354991496,-0.21486065186868109
0.08391800151789575,3.2030363468717713,3.6448118529177806,2.9655175023521028
1.563052182548827,-1.8217273942410972,28.960495943774152,14.770058172408932
0.8375699483730195,-1.1217952128185742,5.328360804756034,0.43502579957963405
-0.07637812895560092,0.8726580913051424,3.452751902016638,-1.7309953511636926
-1.704173312725389,0.07164293679018505,-8.470094471149975,22.139105702368152
-1.6408531144130833,-1.765293811198391,-7.9483885603906606,18.262002376687377
-1.1165390626055305,1.6744397502801374,-0.330474033116623,7.496215528142059
-1.5581885403429165,2.1226546516897717,-10.927367518663441,13.554771049920218
-0.7907811413898904,-0.6576056020405163,1.2085696511522974,1.7936451009169991
-0.6598050575603938,-1.3480533927876344,1.2228574355576676,0.32824884630454854
1.7400578325170564,-1.0972894983123354,45.594044880810394,21.159827639607947
1.6368965096134982,-1.9801154388158477,34.91347221116679,17.35640153149084
-0.16505354189719457,4.806792158293504,4.262935031141251,3.155703450729018
-0.7532491443520408,-1.551232579660346,-0.6470569617259033,3.450673415264185
0.7393774117993286,-3.062878493351016,-1.1701495993228188,1.0941456400489797
-1.4671993373316932,3.1424318168038274,-2.031196343683898,11.94930967397917
-0.028783944140770235,2.5467046410766665,-2.0825252224033504,-1.070370824105317
1.6363253519598389,0.8840087862908894,33.100887796510314,16.4856431230751
0.2020730824906991,1.0296760808120051,2.4653188469039553,-1.1169311295340276
0.5602070875913254,0.8981908731160924,3.2586303310277582,6.50014101636336
1.205156996683479,-0.8666015014101112,8.385907282835808,6.375334842592422
0.5900017777642326,-1.0312091005264232,3.6552382554734746,4.0151895242729285
0.2589066495263168,-2.9263258341831917,0.22366363824817104,1.3967235552330457
0.8369871514169538,-0.2521233981930715,1.064634836384121,0.9967914435425507
-1.235215960092514,-1.4260617321736444,-1.149099509888198,6.5533990891665335
1.8441744516855723,-0.8269698094619795,56.20484504992244,22.459478896173433
1.3950006358757525,0.7111147738732573,15.42965848503439,11.542762120173823
-0.7021935158445349,-3.4207621500286365,1.2554809125080675,3.215560975363473
-0.5172137953510307,0.3509965215990463,0.20107473158844202,2.358500810648063
1.7279803883315448,0.9527411133516401,41.78936664588802,18.46204510638269
0.7791741169697146,2.9528228482752663,3.2395698714375367,1.4702142417817539
-1.9756255943222207,-3.6409823581951852,-27.46120967266251,37.385611616304736
0.24940029578661882,1.9839394266617787,2.8782343042636542,0.9946937885040208
0.7436502409380501,1.312156792693345,1.9634438752929821,4.470422500918103
-1.2058166969516306,-0.3960281359787452,4.645826543652556,9.149386933271401
1.8892374556460747,-0.07140439654970754,63.109675426051524,24.10552424335268
0.7989257058079846,3.150916647760564,3.975458067209729,0.8438786857673763
0.13942672754370689,-2.608324665240266,-1.2016442515975294,0.5901550546679352
-0.017011888640779294,1.760817704943641,2.3330386533837224,1.2949366415439694
-1.6494219900828653,-1.887398993040826,-9.13556145322221,15.107595481525555
0.07308662421766332,2.0418802413135495,3.22888939575777,3.3197452130221
0.8713322718688628,2.961728417196287,1.3066992090353262,4.6148918833541765
-1.6933265738581187,1.9042746013704892,-14.060611141305673,18.42847807007045
0.5940045312355098,-3.264067848492047,1.6606015785384385,2.6075209616337136
-1.734961050283542,3.1673363648971247,-8.87514124601529,21.888725290614214
-0.10873903722454514,-0.6350945685785881,2.565427701843046,-0.22546651909635207
-0.930027658664097,0.9651861230175988,0.5172288721432801,3.152664560957811
1.3082895918506954,0.440644929225839,16.35757199160322,9.861103886675714
-1.0162762763648545,1.121557698137839,3.627139612558593,4.631271760375646
0.2565200194363606,0.902075836209055,1.5621026345506315,-0.4170499956519276
-1.555145420439069,2.0169620182799672,-7.906338978010302,9.579880011998029
0.6980285248766029,1.0519321456869786,0.375020064711457,3.4121545628686465
0.9687113959708067,-0.8151676949004627,4.324475847772287,4.602887921463834
-1.8275759719727058,-2.4327814880260057,-16.025765922505162,25.231936971123368
-0.9490448857114941,0.5444451163932658,1.7032206553248987,3.106763057260541
0.28533729258021934,0.5576920808868594,7.1493314026578485,4.788607415883906
-0.7472907914774498,-2.677820137987569,0.9310067035993879,4.905684487329262
-0.10736859345585037,-2.643228041298893,-0.6043431958039795,1.898289263129684
-1.2236002841803746,2.9905008007692158,-0.11650417861889062,11.561871257717765
0.6514378186413343,-2.97281088108647,1.530184951111179,3.3691735977391186
1.948084457198902,-6.338945739118487,75.98930601305385,23.996193577053376
0.8462236410984736,-3.163132137385035,1.8590808476872647,2.451958235729406
-0.6860030685498755,4.2893559465048465,-2.403167408605169,2.3180909056264296
1.51625532883725,-1.3309764848521166,26.656181081699952,13.116727185557917
1.7098480621308862,1.8373383535172598,42.3206782862753,20.681208196197677
-1.068432943666516,0.13873460551813369,1.0916961135782097,5.0903062684279625
-0.4110390531973409,-3.065016221490289,2.242940923500331,1.930151447386356
0.6062986065353004,1.3444856292002294,1.7682938683463947,2.8950197511123217
-0.9659887382114043,0.4460586373064672,1.8848721618375206,2.2788475223702482
-1.974157053569002,-1.5411278015048258,-31.184326541926637,37.407726090018116
-1.522517796364665,-0.35892149331158607,-5.339415270455289,18.29492301636097
1.6775312407010388,3.3042455586869997,34.787248885503374,20.830837450420063
-0.5509428431818244,-1.268162956132031,1.1483244756511883,7.387496337479029
-1.2049929356253202,-1.1563923955492519,0.9809411136809496,3.05481141291991
-0.6045363635972758,0.9608563335819162,-1.4834835212094815,0.6312832765030538
-0.9703985246010793,-2.4957533283062014,1.5652798173652802,5.796064079607198
-0.5209469533768316,2.1399674691202253,0.33690273639800294,2.6128437518352117
0.8561754643580772,2.957000078305312,3.400754734998437,2.772033535239394
0.35913966075376624,3.0735467834615533,4.868741036550017,4.173497236454388
-1.6040209782310626,0.01103468917054723,-7.390171778790554,12.62378779960652
-1.6576086781281911,1.0880268815797818,-10.836340641829862,17.675473511732456
-1.5427137054380924,4.034088308877557,-7.753602988824955,16.47064776447407
-1.6846737783213581,-1.0297377100333251,-11.389673421004085,18.700564245591128
0.3258957512336136,-2.390010081854118,-2.0616354727599258,1.507794521800949
1.9024388072918006,-0.03213971908333324,72.07945045499902,20.53579065800855
1.2504731129350874,-1.9060196764000732,12.205880306282896,9.478858186240258
-0.4525878329533155,1.197521198976405,-0.2655228712493941,-2.5401668345180886
1.7985908530305412,-1.574846817429784,54.919235677967976,20.996541827144597
-0.6416043738231907,0.8659165925680535,2.3179724283688294,1.8497598422846822
0.010856780487269457,-2.604385487184483,-3.2330224794101583,-0.6521451265470664
-1.7466096282323211,-0.369274458172807,-12.74054401128334,22.57458397057027
0.8746660642109099,-4.9846695877601395,2.530525529189634,0.9488202598834166
1.0005255756980396,1.5353380320534313,10.580643934159749,5.736997846967507
1.507875256668608,-2.533138975269125,22.36514576886096,15.76963642194033
0.686926006258223,0.02953815081662947,2.0475965254831685,2.6070722574136593
0.35774950446603215,-2.6597957740743694,-0.05932687359647115,-3.2336368967042817
1.1487637033518165,2.1155869995442225,8.64839080640621,5.992102577218649
1.9360961390794196,-1.2502778616161594,66.30997083583287,26.83806411636176
-0.8018983311998986,-0.3890694064101838,-1.9288854892020943,2.1728305849054497
-0.8168581558248373,0.9554018748387301,0.29890064762208257,3.019235016173832
0.21457884695140317,-0.499087220185512,-0.9101261259534563,1.109864316627773
-1.2720768502367132,0.4040569361581661,0.9535208678204508,5.712772968285238
-1.3440523512862952,-0.7470920471997262,-1.4925007701140736,7.085105699586259
-0.5468332807946656,2.875155459996632,-1.922388547174929,2.625111216270338
-1.848585832036357,-0.36307449699143257,-17.359947447503757,27.707027559962025
0.9398588713109186,-0.39914980401329464,2.9234585504132635,2.8467202101309628
-0.9681692715517731,-0.13820627887315876,1.974595421908024,3.3279749840352046
0.6754804410330912,2.6123409338064585,0.3199661885314242,-1.7442761714822463
0.22579438329669843,-1.303650754561013,2.0752829441720837,0.36488843335436394
0.18341997210093375,-0.38849847666370085,-0.33217806145989237,-0.12725468257333916
-1.8827993278623123,-3.4185630280186987,-16.52827866937612,27.4689864286776
0.5583818346686691,-0.8458985373639049,4.130774520648977,1.6774469924002178
-0.8713082229923903,-0.7272470759471873,5.862430693562701,1.0312858639401523
0.9059766534701503,4.746943713187651,4.579503290735778,6.966191997387421
-0.4703271801899742,0.7866364872877035,-1.7952290814185137,1.1344148027558136
1.5985896320073003,2.8450416942020267,30.641968753236583,18.831996715690636
-0.7411697560840067,0.657241682588773,-0.3137515112782696,-0.3265330320668456
0.6692807080420251,2.722015573413281,3.5886053069912487,0.810402421338279
1.3958414268797732,-0.3535657807431508,18.135298714141474,8.847970052489602
-0.6793431395781675,4.653773992722093,-0.8512893239716968,1.9992517513528152
1.5848430806899767,-3.34087867752951,30.218911569725233,15.01033571319283
0.6432654054291596,0.03961628141407458,-2.495389511222492,2.9351427630731384
0.2329157945765803,-2.125332960766803,0.9090497104997461,-2.7432412235938477
0.06368248784498265,2.3126708250881456,-1.156124733627896,-1.0905674373117493
1.5461002957613035,-3.132039545298274,24.844428693480385,15.201429033556451
0.2348165987771682,-1.9411306529060894,0.29384744479959213,-1.3751450315977976
-1.7610983199856918,2.47024648770815,-14.778465521950917,23.636130387890795
1.5637687103926057,0.15020622761814217,29.131283109854678,14.341432216567835
1.508461413961101,-5.366322851342758,26.1015823694125,12.492187160927893
1.7608641380688352,-0.1080812062553842,47.35003673514294,17.714321174852532
-0.9144616483129879,-1.6644189451043898,4.201681992084345,4.5313205896234585
-0.36083625834791677,-2.108769399544918,-2.953075903570577,1.7521514785563013
-0.9949255729136524,-0.3680084091733631,0.34821813399496304,5.179214889665694
-0.8751460773231523,0.47136240321433776,-2.4494037774986306,1.1282401413766885
0.9356916429030302,-0.48941696595117,0.9897608587304019,1.28867603488567
-1.9767090732069774,0.1428301987908286,-30.731963033935823,34.34403975592197
0.7050166403563298,0.14030495141269328,-0.23128164799292605,3.232943256253542
-1.406679612621987,1.3828142697956711,-1.0784678474133933,11.439329435418461
1.652335539638429,-0.8338241467617603,34.58368026720532,16.901119570011403
-1.598562684340989,0.5481408583173961,-6.069303728619598,17.95207976627352
-1.5659885144515298,-3.3334746498261674,-6.13457747456761,14.123017949764947
1.0157721778674222,1.0156413553530865,4.063865182368154,5.645089351675352
-0.5073645828843358,-0.5450720942934859,1.3109806237802761,4.206785902456545
0.5033067304831849,1.5698880868821319,-1.0957854507344624,-0.8685185104474311
-1.0350546080442613,-0.117088972482454,1.193511090408593,3.6543291558217845
0.016607493757820446,2.1759712591987994,0.8921020195554339,2.017297358396823
-1.0795648146745473,-1.162267308540722,-1.068007078440626,5.9087399769178255
1.4548537667118415,-2.274603747284158,20.405732647819942,14.109189993797157
-1.3893404665352311,-4.227597723127957,-0.7588480134111442,11.84871758206622
1.603760668844815,-2.153275214971882,31.825518465020217,15.68490322581745
0.10168836501161449,1.1904663592769305,0.5014163503689456,2.460407230176015
1.0953197730597113,-1.1686370536715618,7.986825195480412,6.404624996106106
1.5013564445356256,-0.34201933235683224,19.6312419229075,14.830853802736323
-0.6183231406078042,4.005521569803331,3.40231392973997,6.696958624301853
-1.0672825941259694,2.0718612070861773,0.20569911251686845,7.384692303086212
1.5450725919075654,-0.35845099164645666,28.907427023592703,12.989044291778129
-1.9347671350603144,0.8702054138006222,-27.779266391980443,31.607886740506054
1.3076812048267517,-1.6882187037205103,14.873574883926763,11.608933750589065
1.0148917911777149,-2.69770304687777,0.6827245777975923,4.875023918788808
1.0315077145147291,2.348536227846201,8.649419209297584,6.489897513599225
1.539910199635203,0.0656546102863449,26.89676031833497,12.32025077608239
1.779210001359092,-0.40324378521227966,50.04636970901352,20.843178474473696
-0.4461431042683932,-2.621031973922961,-0.194482887286324,2.7047014405406413
1.0067988709923927,2.116546118513102,5.244679668953037,3.8691979495479503
0.2705030483941693,-2.07128436414946,1.1805100150827403,-1.2299311333815584
-1.1501096371862283,3.2863831537060895,1.0069763582738789,3.6594754924903037
-0.9416882052458262,-0.810907288411081,-2.0161505246791664,7.240523879053724
1.5308650564141342,-3.6942275666125495,21.835752225238668,15.978495160213777
-1.6064313439533127,-2.9069691138099594,-5.298654195810226,18.4799468725013
-0.6045400064355246,-0.007565431450468091,1.5171780409859017,4.725383327491095
-0.7487181180592208,-1.734369831401123,-1.6469994614797012,2.8937694242805425
0.20171495063089173,-3.3637864915696345,1.4475202352006333,0.4891227427383653
0.7532617357209315,-1.7391766898403263,2.9381258584409617,4.162918245443125
-1.0683161203070575,1.2905387974061893,-1.2965054060499077,4.6366991040085095
-0.6039398373260951,0.6032857562665197,2.8704843460148597,4.008456088813739
1.1994124092373277,-0.7373248818418228,4.580062663694654,7.014951067596236
1.6052681311522616,-4.56097238457777,33.491244705312,15.065165765184044
0.42202308995016624,-2.785816861546877,-0.20402273231648793,1.5060061517594845
1.3771168665102715,-3.6640726318478922,19.412629250898895,10.140577719000277
0.26293046914845597,-3.1905293876897325,5.035507377947411,2.720504177193861
0.969362878927654,1.4432435135069233,4.46178988428063,4.4126343138501225
1.149046684976077,-1.717948324501886,7.574024454267267,4.424726881551068
1.4880835506327976,-5.099144645458293,24.54486984718097,12.02259195119138
-0.4844956538060363,3.752024077880732,0.25479617659780196,2.4725549986797324
0.7376034520194636,0.6760822808983455,0.9461080809137643,1.5563123857161647
-0.9433265401719582,2.9640817728835747,0.27476595555929695,3.035083555439293
0.10371622429238814,2.351645006047951,3.3259396777784196,0.9804565945233197
-0.4920081668741463,0.24916695276090647,1.3145909335241381,1.4843924482928457
-1.9650885926795474,1.3314817400291918,-26.557522486242565,37.81171042394847
-1.8739862175499007,-1.1036482290513447,-19.57245681451544,29.24521306698883
1.4684010260368874,-2.162740847585976,19.65859687279194,9.39366509016489
0.9949816090517003,3.257545339589832,5.724906557045868,3.971360427097507
-1.3673061479654405,-0.7359790408434491,-2.512240595610895,8.85308405630134
-1.1823206670897095,-1.2615326520878218,2.8030156213765274,6.386029993942434
1.5542608519829666,-1.9393504425867705,25.687602312633793,13.498957908090038
0.01097283364941326,-1.7555155756743073,1.0131097683086745,1.2151719291702363
0.7756871509387886,1.2386124334682993,-0.13208277080791886,1.6992040247848392
0.41875608726220737,-5.0831254931755785,1.5854700170631095,-0.8604226485413771
0.4658141504331099,-2.2757060169271606,3.092475469129159,1.2427603114169856
-1.3345080126585867,-0.1751872384602548,-2.7311362037874494,8.4958133199102
-1.0229490857843615,2.0529705417371966,1.061956532522785,5.064955684078794
0.3998856934331174,0.36983411691916435,0.029284722711891975,3.572812473062636
0.37274642349262876,2.103545400202658,1.8748917153849218,1.49023224889985
-0.7126797040498412,2.7959336090108695,1.023874452415277,1.2959373457166237
-0.755675041866537,0.12657514104165907,2.955630139152496,4.590614859398637
0.9494606369764873,1.5843231715114405,6.825262277409682,2.467089857676016
0.24161862252154442,1.691906962707444,2.550423312934238,1.8055962879444452
-1.0911634895790248,1.640693317435412,-1.3957658764593988,3.895385523549934
-0.5874923584726135,-0.6404593132032335,2.417197549805162,3.4640474336982185
-1.8234601904792038,0.790287066052392,-13.105448851174177,24.750518842666807
-0.7959653888927343,-0.7465532146740559,-1.0133314941761487,1.2016647194167223
-1.4407337667048759,0.4367105139660722,0.2908192285058675,9.866765345979134
0.4894332844566489,-0.7532990860891181,0.5895851787345103,-0.5097224164196572
-1.9253390716871142,0.012506792155808355,-23.1080274233172,32.18969798422737
-0.44629048786802006,-2.5013284074499857,2.6389433502899893,3.170993978538408
1.3778700430062965,-1.0491195246183311,14.380328330145037,9.661997642653263
1.2059463903484473,3.6984102820371447,10.539485872895693,7.675283449732591
1.327223824313792,-0.047312922735123664,12.119356182793776,9.570916122960737
-0.666282438350394,0.37387770428620837,0.24306277125214987,-0.5171121721968976
0.8493738044536601,-4.659665020888825,3.086250058277013,5.916015702647702
0.12415320937905827,-0.4243809790355261,1.0110382025831257,1.6950589058377625
0.5784422911241087,0.49549794031702077,2.6422584295940936,2.699603700225768
-0.3016453338079801,2.600736476915694,-0.12613687169483706,3.3357476518616513
0.21018272257695214,-1.1287901304524384,-0.10010551114957333,-1.4450102204954864
-1.4463748669685117,-0.19625417205263246,-5.081875917475386,12.604669829266456
0.1784021541046914,-2.7319151596554705,-0.9767899244119171,2.1300721285699256
-0.9043886467733211,4.361532300678945,2.2774686211757382,0.47052766490500586
-1.7583208690910972,0.2660858347182287,-16.591336535679844,22.06689954037453
1.8705913666027523,-2.066726822597886,60.88748367735227,23.38951429207684
1.451149143250822,-0.6730167589277494,22.0420727581173,9.121104841864089
-0.324801476618259,1.2095393245162738,0.20899974381388417,1.2433215642758015
-0.8168847675565716,-0.5774620118811872,2.3619984926012627,1.5585668632001854
-0.9070840971905318,0.399035557563222,-3.076460746622919,4.237340404136935
-0.09470847609696964,-0.5162430144499783,-2.769441121778147,0.10777276118294732
1.9671875459697459,0.19793716406903217,71.94064533959366,26.65873340923264
-1.71200936884637,-1.6475916275847933,-6.041993193130219,22.129461304576292
0.39524330964705134,0.9768874547821446,1.6688767358944268,1.0064166731515787
-1.960595337887511,2.370256676819594,-28.608128905700028,30.73568835327628
-0.14366949134896512,-4.459328590106248,0.11726657510319075,4.526655528005989
-1.644160101824248,-1.511435256978949,-9.669855042900167,17.6140938092511
1.4850094734288248,-0.008924609495566393,22.148050199728516,17.486784304725585
-1.6388720153271676,-2.4635279083991604,-7.668615916493755,15.6330488701721
1.2587706628234194,1.239823180144859,11.024658622362786,6.926761082788443
1.834370816779225,-1.3371235916095305,55.577435566533396,24.33588184052426
0.18011339373985047,0.6586758531124901,3.6743729421109923,3.825027090718912
0.8117373764307527,-0.15367561200781255,0.40223193989769657,3.3189208408614035
1.283592927815191,1.0403599463027557,14.071038174918765,9.682144861754445
-1.769641486421551,2.8512493691450302,-14.972422651350898,26.867903456573625
-0.4378922339146758,-3.0283033975604785,2.0573285668372656,1.5443223957642198
-0.5216297704020323,-1.21343969773158,-0.27661872215063266,1.23665835078612
-0.8745329306027125,-0.8307419878681181,-1.6389248933932705,3.5082507711810496
-0.9374043732923103,-0.7361035109586169,3.282473058502301,5.974591356641811
1.4942937377056182,-0.4635519548238898,21.889566686484304,10.166704899812736
-0.23124863348690106,2.5270243812161146,0.017720862468063148,0.30232298271325964
0.4154848917812557,-1.5430060414893578,-1.2296781727937407,2.72329509823697
0.4142710077020504,-1.695796290007768,-3.1373970605635515,0.817086189947695
-1.4619272126769616,0.4056946665781418,-2.4777506658464934,12.129174454266742
-1.584861298389387,1.0127443144893264,-6.838353080326481,18.600520698694556
-1.6889935497469688,-1.8815727489613077,-9.056529450900292,22.984175982993758
1.2077577919799056,-2.4803129364523038,11.148899629632037,9.9801860125419
1.9217333999364952,-2.9683414111208695,69.08863172708321,25.38086848175978
1.0414379968179244,-3.3709611198365677,2.8628558807884668,6.9193038787303935
0.3340071837577674,-0.49544608171060195,0.133517161772515,3.463194063546263
0.3569064985818846,2.251643277241012,-2.559952989966667,-0.599407439103103
0.15496701811643776,1.1560402895940034,-0.163310477800803,3.019125017319778
-0.48416559367450906,-1.3274378292534716,0.6644318653304844,-2.9717897205042596
-0.8899900030701726,3.636923769520935,0.3892402617957309,5.521375511489363
0.3802423736226084,-0.1754158964641836,-0.04390486805957916,-2.6156689893341687
1.5578317440289915,-1.1474132999952902,28.533216338322344,14.719736705528323
1.1152653652535545,-0.3485229548765597,8.006053923681316,8.177895856617754
-0.6769618510580782,0.6897221178677072,-1.2964207726720232,3.5183797752785857
1.0151933401266091,-0.14607088571187898,8.132715626840604,6.939948476848956
1.4250876501165806,1.0329735666424935,16.519644039750325,11.163565796684026
-1.1892375006770717,-2.240263453349761,-2.1404398677201195,8.35268036366093
-1.3099241510368422,1.4502050194235725,0.08688810258521862,8.578798253486312
-0.17119633470442697,1.7085467321861507,1.7361543803605235,0.9645298306011938
1.4510497141166754,1.9478321966683327,18.636267871736557,13.682580581878376
0.7520027234676832,-2.0483364551519783,4.605308932247381,-0.6741649716431941
0.1448767587669959,1.8256663353281413,-1.3842093417959604,0.13529157463854957
1.326309426148292,0.06039038185201284,16.06026484674966,9.870748193725488
1.5285707232719044,-3.3809160338760735,28.848638529169047,17.652865730077934
-0.5566277572371328,0.6851039962682068,-0.04101653405555972,-0.18551965204697618
-1.2455080128915834,0.22614002673472422,-3.322738577576005,6.340027379979839
-1.842127469280486,-0.9921951272455589,-20.80218610192622,28.391033031714592
1.209784264143348,-1.389994021710172,12.096755460470998,9.144939624467579
0.5670194721452186,-1.869282313258255,3.9965335063325944,3.3482740569310323
1.6233198013153372,1.194666245768067,34.8940052322525,19.003470238910896
1.987764601593872,-3.901886007877433,77.4841039580698,26.89467884665265
-1.8692628033005887,-2.4868055424404183,-19.495293090140684,30.298494945355372
-1.5197905842115174,2.2011039661100864,-4.119862972390084,15.352893954047156
-0.3985651593534616,-2.878615307404866,2.8479725553212853,2.379389601881342
-1.07995452964908,-3.9192230436201374,0.3824012270300944,2.7929890044232963
0.987346748368807,-2.326026101814628,7.923107470582671,3.1174720206415074
0.7163978102627389,-1.8849620245916114,2.821874345486858,5.488925341433289
-0.4802771703844835,1.3488565422639116,1.2029137156438243,3.708346922968004
-0.8878023557812598,0.5380560513009122,2.055069866380081,2.6848302151755634
0.6000421681568682,1.9607330841235948,2.27830844775315,-1.0283671543136865
-0.41500193953308395,-0.5398254870782966,1.7183345988755017,-0.2609208168298245
-1.3689590272423278,-0.2983287328549891,-2.314256371388252,8.2353493725949
0.9317945502543594,2.389754789540269,5.179167010214985,2.171785021866519
-1.3567183626551937,1.20020793830618,-3.1571356870636476,8.665136267519996
-1.3631374982732067,1.206554440901154,-0.9470368611930274,8.98064847927365
-0.10276866336972423,-0.16129767446127,-0.5222860180707056,-2.7633420893498055
-0.05157140138144323,3.5513898538962536,0.4118986496904025,1.5421935886216995
-0.9977847008031553,-2.3012013400862417,2.8409065032638137,6.355119212031329
-1.6900492085857266,0.2818763932108028,-12.25490481984308,16.873117431177786
1.93218190638565,-5.9687464236196925,73.73516897838158,25.829143175180402
0.47926825928330175,1.5892241511252903,0.37227558540263217,2.185299703522979
-0.5776293313947436,0.467809101553486,-1.363736678592801,3.7160449667154496
-0.04741735513112921,-2.1616703126899037,4.039256452147723,0.4134576903244872
1.245027261994513,-1.6688202809009867,7.215780040632375,6.862836820605652
1.273407846513464,0.27913626841047945,10.998948245317603,10.017973657206781
0.835894389610373,-1.8624681460150265,2.4639633550360043,4.818773529944369
0.07894984115047476,-0.5714263380458491,0.8454224120706073,1.2231247251459594
-1.4638220411770408,-1.4966706681213309,-4.2982438017569065,9.04438870391197
1.8824052981671655,-0.6162276217295759,62.94570068760544,24.950668476388916
-1.5539523647760785,0.6244676988856186,-4.18241805474614,14.485303851045368
-0.8315544173052052,-0.1304513523388335,0.7725618970513992,1.2867042453086355
-1.4368838448770016,1.0414361858023118,2.372567296246252,10.059585446843881
0.40868962054478475,1.3421000498270934,2.654571095321148,2.608002367105228
0.27079151869138673,-1.008622289738531,-1.3779053292539718,-0.13591047636003406
1.2453835014110868,-1.9854224002369625,10.19176335507811,6.25022756729709
1.5479624703468802,-0.47949981040775347,28.148490873616122,15.35095231001655
-0.41730322804729036,-1.4531221787505504,2.427313321574604,-2.3699681237233206
0.4866861853974167,-0.6916500611206811,-1.3239866571672299,2.253218445193304
-1.3624694338591126,-1.2321813121482545,-2.2771090311347053,9.633475260931927
-0.6531614408549027,-2.475715133444964,-2.588269248709664,6.792026938045183
-0.035343330574616694,-3.842469841800958,-2.6762402392271425,0.7850855449183511
-0.6323850038473529,-0.3722190125266243,0.5212865343699579,3.1918128775633106
1.1307805286002561,-1.2807770156973683,7.610920344380476,4.181911785417049
1.0847649197530074,1.6428749219124719,5.4492203115772355,5.475496558403438
-1.2763680994505564,-0.24618486782592644,-0.7233963437968949,7.673625662930085
1.4144943040727571,2.4685642278861533,15.86597925012135,12.96116538827022
0.587700708866405,-0.21347608599487244,1.330836269714622,2.74674298985199
-1.6205017275114462,2.4234282690661204,-10.101231298557378,17.642640497588168
0.22924677124906268,-1.60125214332645,-0.5190389184034934,-4.158615256022034
-1.9894876889646707,-1.3365198455446805,-29.568310374702804,36.63277607540655
-1.6964854297578151,-0.2507831289690481,-13.47701221379705,20.36660708031075
-0.8891201374414246,2.4169971874939513,0.44166953093756506,0.685026822251753
0.18696663752724385,-1.6828442080174657,1.0842884118602187,-1.4015856528478396
0.2866867604681125,2.2807698921647557,0.5103541945537726,-0.14476942928642456
1.4460861243084309,-2.237050146172461,18.78291200417712,14.593281111092308
-1.8563816685375079,-1.557374780153252,-20.069357396584657,28.674496272572444
0.9944747515859622,-1.7160438758820418,4.777147112751611,5.419823833160436
-0.13649925819519426,-0.5821896740843993,1.1906502545196609,-2.469353718871626
1.3292815018269337,-0.623842839347964,14.4872657113956,9.249347518268582
0.45722401760034925,-2.2879602110699198,3.7570591990365925,0.8609463071008907
-1.0278304780969147,-0.8112868982374135,-1.9911937019081256,3.782164537350035
-0.3733254481573476,-2.704052063190766,-0.07286398853188142,-1.981751656944256
1.710026851463525,-4.2379323610981405,39.552443630477306,18.066032015751027
-0.8430356506087646,0.6839600162867691,2.0077085880982586,0.32674475547789017
1.9256445234207984,-1.7213586702573926,67.34065520229606,23.690668132713178
0.10238422539681569,-0.18207647398394725,0.3136938424522099,-0.36775756013912697
-1.8646590194347148,0.5134011441582189,-20.522645541341355,31.920428342270206
0.9268388293991512,-0.6709070811621429,5.518652502862922,8.316793817141566
-1.3140472126993705,-1.975594682588222,-1.0048214091812624,10.16250496716161
-1.579838799259047,-1.4419843405845028,-8.116225891083266,15.547598294819807
-0.27566490070457705,-2.0054446506744164,2.4885355825615223,6.373191497656069
1.460803984695735,-2.611351275646667,22.221525581501535,9.535974192562149
0.3128311692756456,3.0189419628619283,-5.551400082259931,3.1460540129766095
-1.5489176605166524,-3.030431910687907,-3.7854640873850673,12.73750681787753
0.2182585346561936,3.120151169398725,0.3866666749105562,1.850852950387763
-1.5661192977569867,1.1918155969950162,-4.600593671340057,17.08902138451192
-1.469430500149668,0.07421621199295375,-4.654233949642883,13.090691952586491
-0.8972786256764249,-2.313754345374628,-3.5781874530145226,1.474521669993631
-1.7837061202605513,-0.14856150185908434,-11.379560959272936,25.46426955027902
1.2942125419039643,-1.0999485938128115,11.507521452282353,9.199509645575436
0.019331193336202812,3.185793413348602,1.534957010544143,4.568402151897774
-0.5572768692051775,1.3945123644600887,3.8725811422724123,4.205857632584738
0.7201310463217556,-0.9531074192553558,1.9268153947595574,1.6297924193112903
-1.2962807260882587,0.23067574182950182,-2.387350749468588,10.767065682126262
-0.15552552240179018,-0.39514607502531607,-0.25797828441520576,0.3308544896780683
-4.4116108964153966e-05,-4.632800066430881,1.103268642087553,-3.0821569787702963
-1.2023964853753455,-7.18490401860973,-0.08130389760309512,5.186873572014138
0.708651255211231,0.15870868713452213,2.335482126759054,2.07976180262474
1.9373212250048772,-1.6491705611939178,69.27820726164798,28.030453907524244
0.880923954165024,0.1972888644746671,4.871162979463222,3.759564058787761
-1.4718588592867707,-0.034924188929299424,-4.40724223941981,13.372622843331408
1.0526031045432607,-2.9552983157263952,4.656004541740002,5.999524591044234
-1.2217768863740122,1.997953651308896,-1.9827576520134491,7.331696589453385
-0.8590760922228768,-1.6231826918126144,3.2154412817900404,3.251751816708627
0.11541015119054565,5.524144458051072,-0.09359694906133881,0.7098022045127468
-0.2900577344423745,-2.1048332615447616,-3.7815500125149257,-0.9846930068111033
1.7231807644640358,-1.9453442510421066,38.61927710822991,21.970273526953633
-1.8858020353100269,-4.285219237372348,-24.993478236691832,29.3520383559774
1.9816918428109807,-1.1044902845304425,79.61298463718123,24.728101150257174
1.8875753312060457,-2.3268543851276973,63.19900852435318,22.84973764710557
-1.8148675963493286,1.3302847320683793,-14.806801244262546,28.532558875208277
1.2432493268494529,-2.943551392006069,9.367779501508197,12.287142801930193
-1.4111152566959921,-1.639265468166237,-3.564568984206299,11.13122034334833
1.1074119468557568,1.3597286995178695,5.122752208584588,7.586025227389834
1.7901954392567112,1.0318334521486605,52.35280891424493,22.291836667861844
-0.792303476812636,-0.2460166743467619,0.9327769868334785,3.4564127288687736
1.2653509782419219,-0.002295396773547731,12.145148593233214,5.701195046962219
-0.0362055063348401,1.945671493218072,0.8514438131295359,-1.8720281704825457
-0.043714186905428054,3.4544670605248746,-2.2326306996475975,-1.7224092871498
-1.5267022044098009,-1.0705116126155745,-6.952863221285275,16.126186350978706
1.6258992234324348,-3.757451538737326,32.5565348732253,15.512459715650262
-1.9679108535891814,-1.2763618834548622,-30.17960120074808,38.68698087924623
1.9553843755057367,0.6830044016530432,76.64059613405304,25.680696189093563
0.006396294186121754,-2.1061284913231915,-0.7307289838189375,-1.6309451952782852
0.8739947234263088,-1.1656888556770637,5.190535558233643,3.428368938177783
-0.7162736747089729,1.0948476671599048,-1.8654920033986164,1.8227962383772907
1.0703157552672455,0.8173967206129069,8.880264917340325,7.2449652380725595
-0.6725951547877558,0.7019445922586063,0.04985059091719424,3.9305168330388316
1.6724405775420528,-4.105426766263044,36.509952680836385,18.109178752987976
-0.2309194923325193,1.2003999739328768,2.954349578145459,-2.637152849792078
-0.08771656671827577,0.2653294152781811,-0.2630510010652353,-0.10371896132200775
0.7466361329094116,-4.473632360451106,2.352949135448452,2.8876768218358726
1.9379359261339597,-1.349729400458238,69.61567969090434,26.308099761675255
-0.7586136895029778,-1.7357737015885828,2.8806956377254136,2.6319743289065785
1.634726006238199,0.16304422397784202,32.887054437686295,19.20774592630138
-0.9460662507677662,1.0500662074501295,-3.3457340971562353,2.649663207679644
-0.375368032525933,-3.08291941752062,0.590512686273041,3.1684874629653423
0.9409285192171324,-2.9392292664350395,2.247691392914213,6.322054677327923
-0.903527140413138,-1.2047473351596296,1.583632168296099,1.1556323201637309
0.5664637306992009,-2.1381865148202226,0.8545448089413211,2.25231927102849
1.4845265166430943,-2.19078382441161,25.142389343478758,14.248886430654197
-1.9107029170853327,-2.9633122515274475,-24.061897861196417,31.773733696827467
1.6414746567524205,-3.49086775299886,33.63332935166195,18.404401545603577
0.11702191481643665,0.9832326296053315,-1.6733563969456657,3.469628037505385
0.18023735435236432,0.3439369832242666,-0.2805047468193842,2.4119198881025405
0.5642641224794036,-1.5683240648256576,-1.0860682700287576,2.6370323264658886
-1.6564602994524504,-0.7555544565300272,-7.209202434834838,19.45122751649141
-1.0263849374277347,-2.648093578766589,0.3218449618825826,1.4075940732090202
-1.7563992051617534,-1.0592346243943962,-13.531272656599524,27.202304788381745
1.6283876245881133,-3.3128405381425488,32.84013057591791,17.765783391164113
-1.835622643815455,0.6649475927910847,-15.808966521729074,24.298681650284685
-0.9536236554414379,0.055968670261110964,3.847645722810986,5.041653961335491
1.5086270220799594,-0.9782655302076795,25.571096281262694,14.020958831714326
1.9855918289273924,-1.8495592117702917,77.4623662213046,29.950900488823738
-0.39311536129478775,-2.6778820587002263,2.5701634565364766,0.9410015427228253
1.8881349352124066,-1.3891082867336104,59.580634620679504,23.094621530975623
-1.9405747637803228,1.3168740953619524,-26.437363394193042,33.01345387243305
1.9093311659652485,-4.565888957884077,65.09149219542698,23.967376167311667
-0.8329402323973554,-1.3563983871374692,-4.0147630676325985,3.5393196867239185
-1.6243542990428268,-0.6369093074171598,-7.077865361717633,13.75344622778488
1.189333944249753,2.671690973150893,11.45762590549433,4.905666023323793
-0.38260869580060497,0.4473440360166447,5.345256361791207,4.37684674047979
0.41498001448575694,0.06129280997771591,2.5179570761079733,2.359791133629403
-1.5284229961600522,0.08868588001461775,-3.797319870143491,15.959169960914643
-1.229422728054641,-1.5944577402063937,1.5647354726435894,6.840981663450325
-1.94525596334147,-3.5127384215528545,-27.948973867975198,34.242657714522856
-0.4005707815291544,-1.3832961275450297,1.1443361781619572,1.9467700142012552
0.8579956903969199,2.392061509900466,3.214535684109612,2.5790160624165406
0.09326177667677182,-1.3191305827653368,-0.8009546982701613,3.4258714065864107
0.6758884458716135,-1.2900126584134555,-0.6342865931248038,4.516716765463624
-0.13651367422493754,-0.40859800545977065,2.3850846181124314,1.738315761999159
0.7602634361147595,-0.810322927574757,3.2628550749100795,7.074437498113841
-0.16397578762430154,-1.1433279988596634,-1.5332284018389257,0.600245089897515
-1.9551206115290172,-0.7117705192209649,-27.808017475298037,33.5336571559396
0.4172139565256736,-3.277181623575055,1.8499829352234733,0.1324556141867439
0.3313114682945595,0.914084134377454,-0.03522833107612322,3.51705483057951
0.8131281887230668,0.5807847419050511,4.838400352386936,5.319170812964526
-0.5472700855376402,1.7345480080026745,3.951103547225397,-1.41318330937634
1.5495863355928696,-1.2089381451579075,29.010806469940647,12.168811262034783
-0.4667667419596149,-0.7075158925346616,-0.034142834511071585,6.342282714442198
-0.5492647637164461,1.3984817017561344,0.9092092281841864,2.212803817252976
-0.6839675850450204,-2.0095912416708286,3.285543551624576,1.0237381362191862
-1.6139110109914774,-3.075743157403281,-10.197884194224065,18.07781506566198
0.5978818027311856,0.06036296049087497,1.3917355047180004,1.5198292564846714
-1.8568018576735548,1.0258806293161422,-18.627235903398088,28.89242425195552
-0.2569193026126291,-2.2713026868630912,-3.8690327554181225,3.957752354962179
-1.6155904585590295,-0.012670764110482874,-8.362423485185694,17.390515505112422
-0.843005009591403,1.0890974368630768,1.5539877739577919,-0.15340651740579236
0.0797947272078261,0.2664766793948403,-0.3195727042249941,-0.22263874630330882
-0.12521402756808353,-0.9059775133765849,0.9828351201969276,-0.9571552480097794
-0.030537612447711027,-3.2953849106884676,1.4775432734654377,2.415341569851045
-1.5369369007944007,-0.710103955506729,-6.985930233010429,15.216056331165827
1.687638943349159,-4.316752271303496,35.3080732134841,20.450889517833733
-1.4805663673562215,0.8057176194508362,-1.9368628915245945,14.392058922892446
-1.4557450310833535,0.7622400408210789,-1.654056599907863,12.944228007559508
-1.4650481804694047,0.4726486372778115,-1.530945628169242,14.977158786594433
1.1121430994636938,2.3586590449743396,6.5202235716376125,4.280372158074947
0.45303640458465244,1.1927832030977463,0.18549774218545378,-1.0737482557583231
1.760322834431221,0.5380596695539748,45.96111052075193,19.53884469700713
0.9939507901981459,-1.6147919728671216,2.891513063598733,5.35325495447134
-1.4609335948502684,-0.4048845949949629,-5.858281595498081,9.972261422006936
1.4321446578562171,-0.4351798173138315,20.313436404644136,11.567680352481256
-0.06372668498151679,-1.9141236152117975,1.7954413279207388,0.7461033214960389
-0.934587518593283,-2.6801471500587457,2.1005259982593225,3.4153362838515164
-0.6074455037605611,-3.673836699733738,-0.22256974203418056,3.0073523895472736
1.0761884955481893,0.04863398697081389,4.769086796957523,5.060586920345554
1.2390457178384269,-0.9584019147416849,10.533311384017447,9.737503990988031
-0.14705262812737052,0.17887237865469036,1.3096393882118962,0.9932248710618352
-0.9946354671569697,-1.0483031102503242,0.7836341196485858,6.389706886743442
1.4446763152828823,-0.7534233840258884,19.83542384286111,8.113534826716077
0.5703938462485767,1.6662733704618473,-1.7443882271540812,2.0917603282740815
0.5940870015314075,2.1039329767088883,3.4571596019098183,3.520750563214026
-1.509568357446994,-0.8676625247715076,-4.826578017788879,14.08027745991111
-0.3516168095958019,-3.9139931653961657,4.200040537944056,4.284673632633264
0.9162273542991137,1.1089523306991795,6.076291855891498,5.697449841713659
0.2953083311304501,1.225015143769527,1.6768734381973929,2.8141299656688616
-0.7408173425738007,-0.9837078112531074,-1.700564196951021,2.626466129176256
-0.9773398533350011,-1.3592215227905433,0.8359086356896968,7.172971327719378
1.6297153448389596,-0.22098049975271428,33.29451950433863,18.280196454652362
-0.33831619056284223,2.175609433575473,0.06610126913906922,3.8552711345801685
-0.6403366184975288,4.613841927643008,0.9896666813936541,2.0636413758009433
1.7812352505567972,-1.6607681985072789,48.06025112493032,20.7283082516921
-0.6846202212519876,-0.9456446504925936,-0.20884419132304277,0.898889126426772
1.4689231975569297,1.2825304869992804,23.800379724347486,14.289796309983116
1.4115813989151942,-0.6177309150742585,16.490964438854142,11.483141328814034
-1.1364460376313628,0.8136263196748679,3.0710390560575522,8.929094552034304
1.2920173762809823,-1.5492569820205588,10.290152320106381,8.156822740006879
-0.9893620907996592,-0.7250550702434595,-0.6712398768659895,2.8245804553901372
-1.2368782034621364,-2.2932281776613315,-3.2391833471711076,3.923268312112885
-0.8074578232940226,-3.8581476815212996,0.46632464150793257,3.7940226220958744
0.875920444484195,-0.2403619392547689,1.8255140249271193,4.252019458765364
-1.5251884111964928,-3.0089375097843183,-6.735296770788457,15.632872732486046
-1.0295428939529372,-0.7029120597795884,-0.5811391645897362,6.474620819952902
1.5207276785925408,-0.8622123831724187,22.204163515140255,13.199727881050269
-1.953416131542391,0.465138898066957,-25.409858347200654,35.33783282679865
0.6069264792163933,-0.04780655958252911,1.5875843537013967,-0.6249608152213635
1.0561225761901514,0.08295521443182574,3.0591022344440226,6.564902742664454
1.354323218270633,0.4056468366344448,14.714256468125555,9.724481228546008
1.6837874078878152,-0.5430832044160527,36.6797996070668,19.59744911880612
0.6838635159330626,-0.4966095752433646,3.421636242738666,1.0483496940846142
-0.755603545178662,0.3286495082150342,-0.9288672635636319,0.2991578378489943
0.35224026937539854,-1.0773404414741277,0.695747777830689,4.412409905598167
0.7526054138275211,-3.251932106650008,2.421185609794804,6.330275753938535
-1.697271723810109,-2.703939756298251,-8.089598777150652,23.47800107412736
0.954020012137129,-0.9564713900326569,3.838294976607062,2.4602761386574192
-0.25677108902449364,2.4189312464536528,-0.5884731333440527,1.6150615706108304
0.15276554379749196,4.673958391566224,-0.5705742767753629,-1.4900095229169663
-1.7374748370382807,1.678843130356543,-13.76574906829737,20.201069970189398
-1.832559462485507,-0.2160337937082857,-18.233893697390076,25.250278731023656
-0.6256936868858136,-1.7424163108063087,0.5584050291890805,0.6067182935266098
1.5481877857946902,-1.0816974011410585,27.683989755646717,14.763428605014553
-0.3693858046823566,-1.258893755280631,-2.2467242057867014,0.5293935881535261
1.7670290516072775,-2.8181564357813707,48.4839964290134,19.028337020622608
-0.699280899320704,-0.2502782101794624,-0.6500276996822437,0.2325805374603025
-0.41630588835756654,1.441915681466746,1.5370693384926535,1.2266902250725913
-0.3226397874283271,0.5123403290051536,2.343038122688823,1.1378424832437386
0.1819330225861182,-2.1615967224815207,0.7044785950255152,0.6219264685307806
1.0551896084551307,-0.8236502013666683,7.30032969784061,6.679130757285589
0.5490655975847143,-0.006457112202475024,0.805754847534299,-0.36435863729161433
1.9240778262760134,-4.364892417738862,69.4735657721787,24.17040581531537
-0.6058143501074715,0.7250709362277515,-1.3203583813353394,0.8014159181248113
-0.21636320329716385,1.3644878139320908,-1.3559206502848349,0.2527102407293256
1.2015441906173332,-2.0096009218852084,8.555221059733014,5.3975752184727614
-0.5415337458017855,-1.048247794259289,2.9791662891478268,2.8078388262324987
-0.48947757358174826,1.1281986519468479,6.917376993409299,0.12363087409342133
-1.6954842714697902,4.268029620763797,-7.6299298400744995,21.279659983501855
1.7469988834987769,0.6017116078708282,45.339073430044884,19.982660755001767
1.1366434944528345,-0.709134199234574,8.05494224318425,7.299109103728972
1.1059577386892339,3.055353151064234,5.295924664659765,7.536549056151487
1.69447944695888,-3.5929536061848064,36.766933716794625,22.69417350283753
0.9656444496787966,1.2143149287779262,4.35016750571052,7.632680832426241
1.4143414195466937,-4.2608135760635,17.58799577688937,12.683225461751416
0.5846183463967263,-4.386863150169968,1.9297550807549966,1.667797079680693
1.0211767015154485,-0.016154587533662168,3.851262866048675,5.763689662950342
0.8149595263814691,0.17357131462350828,4.829907232302606,4.497102855060205
-0.9516055642480921,2.055318816844853,0.7178771712269862,2.8495074994531304
-1.9318681903071089,0.7767232025314239,-23.45698632327692,34.72186252853566
-1.3813552048448114,-1.0628263332435626,-2.0077255497330295,11.179215437201425
1.390597426076336,-4.51810652496065,16.308274914410333,11.11512199476233
-0.42223467451749386,-0.8789636119414801,-2.1053759451481486,-3.813133834172392
0.12101750063111139,-1.1423541426953505,2.1709990327283215,0.6527132510592166
-1.1472025131614898,2.3442295850763446,-0.8356539998876124,7.352558734112913
0.8957783739106193,0.11080381827460173,1.4640025380851007,5.213738481157534
1.796748223318028,-3.365280124057558,51.68835200267713,25.183931938738287
1.397151991147692,-4.182566820726069,16.650215877139033,11.947840793659841
1.7397290714618574,-2.855088179816371,44.60293458742684,21.177010966469574
1.4758928525040185,-1.65525739010244,22.811890389531467,13.878221113872902
0.5422400609832034,-1.7610904651871158,0.692363226733745,-1.645459444728463
-1.142846832431136,0.6701341789784527,3.4875288034566845,5.607035850615986
-0.509569706420359,1.003639129934142,4.08954687901136,-1.083093561903746
-0.8622768001052368,-0.10621247326810779,0.33441253104133617,0.850578742990169
1.421046732547492,-4.108316826863524,19.381531740084295,13.658038141913885
1.218488914767108,-3.194444471793779,7.992681194740369,11.169755125687931
-0.4759768837703007,0.5091844253184916,-1.0554765496968759,3.0764250186425177
1.6522072804645234,2.174802612785774,33.40574390744862,17.74367873651126
-0.4368702408617935,3.516062671642236,-2.9983337882587193,1.7773768373753258
0.5135586266452741,-0.28760473353071636,2.422575882766815,-1.645589968326616
-1.9063687284034718,-2.683262663307586,-23.76071692299447,32.78991126144186
0.6709065444475355,-1.4909013669031634,4.016324289462622,2.929992057232492
0.9938978687294115,-3.80077147987285,2.562151605630336,4.440693031184841
0.6100141140336439,0.9801966962416148,0.24735515614364423,1.0650457645767308
0.08058934045657828,0.5070034348406918,3.19811139786906,0.7658093939951393
0.46525628650841533,2.340455326061208,0.6765846753320421,0.6236395047511751
1.8111489259518674,-3.887945824819389,51.586965463381944,24.8975667838422
-1.6159259408868194,-4.199344483272133,-6.13416765516244,16.44601601172489
